date,open,high,close,low,volume,price_change,p_change,ma5,ma10,ma20,v_ma5,v_ma10,v_ma20,turnover
2018-01-10,71.6,71.87,71.74,70.71,828123.0,-0.13,-0.18,71.126,71.01,71.946,1025915.46,1183753.42,1029998.59,0.76
2018-01-09,70.3,72.08,71.86,70.03,1239491.12,1.85,2.64,70.978,71.229,71.918,1219101.84,1184170.07,1027487.48,1.14
2018-01-08,70.79,70.79,69.98,69.32,1228729.5,-0.91,-1.28,71.13,71.461,71.989,1218436.24,1171218.86,1022509.29,1.13
2018-01-05,71.59,71.88,70.86,70.45,772075.81,-0.32,-0.45,71.132,71.87,72.065,1180693.94,1120298.56,1015854.43,0.71
2018-01-04,71.02,72.2,71.19,70.55,1061157.88,0.22,0.31,71.06,72.271,71.954,1252456.05,1136561.75,1020235.82,0.98
2018-01-03,73.4,73.9,71.0,70.11,1794054.88,-1.59,-2.19,70.894,72.547,71.865,1341591.38,1124384.25,1029458.3,1.66
2018-01-02,70.21,72.8,72.62,70.18,1236163.12,2.64,3.77,71.48,72.808,71.875,1149238.3,1072037.06,1024382.53,1.14
2017-12-29,71.09,71.53,69.99,69.5,1040018.0,-0.6,-0.85,71.792,72.614,71.714,1124001.48,1016332.45,1020538.53,0.96
2017-12-28,70.3,71.42,70.5,69.67,1130886.38,0.15,0.21,72.608,72.65,71.62,1059903.19,985885.38,1038189.93,1.04
2017-12-27,73.45,73.45,70.36,70.02,1506834.5,-3.58,-4.84,73.482,72.705,71.592,1020667.45,940415.43,1039832.27,1.39
2017-12-26,74.11,74.56,73.93,72.88,832289.5,-0.23,-0.31,74.2,72.881,71.695,907177.13,876243.76,1008240.77,0.77
2017-12-25,74.06,76.17,74.18,73.37,1109979.0,0.16,0.22,74.136,72.606,71.633,994835.83,870804.89,1005949.78,1.02
2017-12-22,74.8,75.2,74.07,73.63,719526.56,-0.84,-1.12,73.436,72.517,71.602,908663.43,873799.73,1032312.45,0.66
2017-12-21,73.64,75.58,74.87,73.21,934707.69,0.93,1.26,72.692,72.26,71.629,911867.56,911410.3,1062228.31,0.86
2017-12-20,73.49,74.59,73.95,73.08,939382.88,0.37,0.5,71.928,71.636,71.603,860163.41,903909.88,1094303.47,0.87
2017-12-19,70.91,73.63,73.61,70.71,1270583.0,2.94,4.16,71.562,71.183,71.783,845310.4,934532.34,1112008.72,1.17
2017-12-18,70.21,71.93,70.68,70.21,679117.0,0.3,0.43,71.076,70.941,72.021,746773.95,976727.99,1120758.04,0.63
2017-12-15,70.69,71.44,70.35,70.05,735547.25,-0.66,-0.93,71.598,70.813,72.274,838936.03,1024744.61,1143866.25,0.68
2017-12-14,72.12,72.16,71.05,70.6,676186.94,-1.07,-1.48,71.828,70.59,72.521,910953.03,1090494.48,1186108.57,0.62
2017-12-13,71.21,72.62,72.12,70.2,865117.81,0.91,1.28,71.344,70.478,72.624,947656.35,1139249.1,1210487.45,0.8
2017-12-12,73.25,73.56,71.18,71.17,777900.75,-2.07,-2.83,70.804,70.508,72.477,1023754.29,1140237.78,1217704.56,0.72
2017-12-11,71.2,73.31,73.29,70.82,1139927.38,1.8,2.52,70.806,70.659,72.441,1206682.04,1141094.67,1218896.93,1.05
2017-12-08,68.94,71.86,71.5,68.66,1095632.25,2.86,4.17,70.028,70.686,72.285,1210553.19,1190825.17,1199510.92,1.01
2017-12-07,69.35,69.81,68.63,67.6,859703.56,-0.77,-1.11,69.352,70.998,72.206,1270035.94,1213046.32,1207432.33,0.79
2017-12-06,70.9,71.1,69.42,68.0,1245607.5,-1.78,-2.5,69.612,71.57,72.093,1330841.85,1284697.05,1199880.61,1.15
2017-12-05,68.9,71.5,71.19,68.78,1692539.5,1.8,2.59,70.212,72.382,71.852,1256721.27,1289485.1,1180991.28,1.56
2017-12-04,67.6,70.35,69.4,67.37,1159283.12,1.3,1.91,70.512,73.102,71.562,1075507.3,1264788.09,1155042.6,1.07
2017-12-01,69.65,70.18,68.12,67.91,1393046.0,-1.8,-2.57,71.344,73.736,71.292,1171097.15,1262987.89,1142506.95,1.29
2017-11-30,71.37,71.67,69.93,69.55,1163733.12,-2.49,-3.44,72.644,74.452,71.109,1156056.7,1281722.66,1106926.63,1.07
2017-11-29,73.54,74.19,72.42,71.26,875004.62,-0.31,-0.43,73.528,74.769,70.819,1238552.25,1281725.8,1089987.3,0.81
2017-11-28,72.7,73.54,72.69,71.88,786469.62,-0.86,-1.17,74.552,74.447,70.404,1322248.93,1295171.33,1096293.03,0.73
2017-11-27,74.7,74.9,73.56,71.55,1637232.38,-1.06,-1.42,75.692,74.222,69.988,1454068.88,1296699.19,1082652.64,1.51
2017-11-24,74.15,75.46,74.62,72.71,1317843.75,0.3,0.4,76.128,73.885,69.513,1354878.63,1208196.68,1059982.59,1.22
2017-11-23,76.6,78.44,74.35,73.7,1576210.88,-3.1,-4.0,76.26,73.413,68.978,1407388.63,1201818.34,1037933.45,1.46
2017-11-22,79.5,79.96,77.54,76.58,1293488.0,-0.9,-1.15,76.01,72.616,68.33,1324899.35,1115064.18,1000964.96,1.19
2017-11-21,75.13,79.68,78.39,75.13,1445569.38,2.68,3.54,74.342,71.323,67.457,1268093.74,1072497.46,955613.41,1.33
2017-11-20,74.78,76.49,75.74,74.07,1141281.12,0.47,0.62,72.752,70.021,66.548,1139329.51,1045297.11,918601.76,1.05
2017-11-17,72.7,75.32,75.28,71.8,1580393.75,2.27,3.11,71.642,68.848,65.755,1061514.73,1022026.01,887157.29,1.46
2017-11-16,68.8,73.11,73.1,68.75,1163764.5,3.9,5.64,70.566,67.765,64.942,996248.05,932130.61,830981.68,1.07
2017-11-15,69.98,70.43,69.2,68.59,1009459.94,-1.22,-1.73,69.222,66.869,64.266,905229.0,898248.81,809850.4,0.93
2017-11-14,70.69,71.29,70.44,69.77,801748.25,0.29,0.41,68.304,66.361,63.755,876901.18,897414.72,794896.38,0.74
2017-11-13,70.1,70.57,70.19,69.48,752207.19,0.3,0.43,67.29,65.753,63.13,951264.7,868606.08,786699.75,0.69
2017-11-10,66.0,69.95,69.9,65.93,1254060.38,3.57,5.38,66.054,65.14,62.479,982537.29,911768.51,786577.85,1.16
2017-11-09,64.5,66.39,66.38,64.4,708669.25,1.77,2.74,64.964,64.543,61.838,868013.16,874048.57,749282.5,0.65
2017-11-08,65.4,66.35,64.61,64.32,867820.81,-0.76,-1.16,64.516,64.044,61.375,891268.61,886865.74,758776.54,0.8
2017-11-07,64.3,66.57,65.37,64.3,1173565.88,1.36,2.12,64.418,63.591,60.91,917928.26,838729.35,748611.9,1.08
2017-11-06,64.69,64.7,64.01,62.92,908570.12,-0.44,-0.68,64.216,63.074,60.387,785947.46,791906.41,737967.77,0.84
2017-11-03,64.0,64.84,64.45,63.48,681439.75,0.31,0.48,64.226,62.661,59.925,840999.74,752288.57,736657.36,0.63
2017-11-02,64.2,64.39,64.14,63.0,824946.5,0.02,0.03,64.122,62.118,59.41,880083.98,729832.75,724293.99,0.76
2017-11-01,64.47,66.28,64.12,63.72,1001119.06,-0.24,-0.37,63.572,61.663,58.89,882462.86,721451.99,702933.54,0.92
2017-10-31,63.5,64.5,64.36,63.31,513661.88,0.3,0.47,62.764,61.149,58.364,759530.45,692378.03,676326.81,0.47
2017-10-30,64.0,65.3,64.06,63.13,1183831.5,0.13,0.2,61.932,60.507,57.859,797865.36,704793.42,672041.64,1.09
2017-10-27,61.5,63.98,63.93,61.48,876860.94,2.54,4.14,61.096,59.818,57.364,663577.41,661387.19,645747.31,0.81
2017-10-26,60.0,62.26,61.39,59.86,836840.94,1.31,2.18,60.114,59.133,56.869,579581.51,624516.43,629377.85,0.77
2017-10-25,60.1,60.44,60.08,59.71,386456.97,-0.12,-0.2,59.754,58.705,56.491,560441.11,630687.35,623890.4,0.36
2017-10-24,59.77,61.06,60.2,59.63,705336.44,0.32,0.53,59.534,58.228,56.14,625225.62,658494.45,633927.01,0.65
2017-10-23,59.73,60.18,59.88,59.2,512391.75,0.86,1.46,59.082,57.7,55.804,611721.48,684029.12,629735.52,0.47
2017-10-20,59.0,59.45,59.02,58.64,456881.47,-0.57,-0.96,58.54,57.188,55.475,659196.98,721026.15,641816.08,0.42
2017-10-19,59.06,59.95,59.59,58.8,741138.94,0.61,1.03,58.152,56.702,55.193,669451.35,718755.23,656684.97,0.68
2017-10-18,58.06,59.03,58.98,57.87,710379.5,1.04,1.79,57.656,56.117,54.914,700933.59,684415.08,645137.59,0.66
2017-10-17,57.41,58.26,57.94,57.2,637815.75,0.77,1.35,56.922,55.579,54.719,691763.27,660275.58,629522.1,0.59
2017-10-16,57.5,58.55,57.17,57.09,749769.25,0.09,0.16,56.318,55.21,54.562,756336.76,639289.85,625429.02,0.69
2017-10-13,56.91,57.43,57.08,56.73,508153.31,-0.03,-0.05,55.836,54.909,54.403,782855.31,630107.42,628145.47,0.47
2017-10-12,55.2,57.19,57.11,55.12,898550.12,1.8,3.25,55.252,54.605,54.3,768059.11,634239.27,617253.92,0.83
2017-10-11,54.9,55.72,55.31,54.55,664527.94,0.39,0.71,54.578,54.276,54.19,667896.58,617093.46,588813.44,0.61
2017-10-10,54.86,55.52,54.92,53.81,960683.19,0.16,0.29,54.236,54.053,54.195,628787.89,609359.57,576790.2,0.89
2017-10-09,56.1,56.5,54.76,54.71,882362.0,0.6,1.11,54.102,53.907,54.263,522242.94,575441.91,556944.53,0.81
2017-09-29,53.72,54.35,54.16,53.43,434172.31,0.42,0.78,53.982,53.761,54.283,477359.53,562606.01,537029.0,0.4
2017-09-28,53.6,53.97,53.74,53.32,397737.47,0.14,0.26,53.958,53.683,54.383,500419.43,594614.72,543874.56,0.37
2017-09-27,54.1,54.24,53.6,53.46,468984.47,-0.65,-1.2,53.974,53.711,54.497,566290.33,605860.09,548035.55,0.43
2017-09-26,53.99,54.33,54.25,53.95,427958.44,0.09,0.17,53.87,53.858,54.638,589931.26,598768.63,548100.18,0.4
2017-09-25,54.05,54.73,54.16,53.82,657944.94,0.12,0.22,53.712,53.914,54.778,628640.89,611568.18,547540.97,0.61
2017-09-22,53.55,54.35,54.04,53.52,549471.81,0.22,0.41,53.54,53.897,54.88,647852.49,626183.53,554808.51,0.51
2017-09-21,53.16,54.24,53.82,53.01,727092.0,0.74,1.39,53.408,53.995,54.97,688810.01,600268.57,564490.22,0.67
2017-09-20,53.44,53.7,53.08,53.0,587189.12,-0.38,-0.71,53.448,54.104,55.035,645429.84,560533.43,556168.36,0.54
2017-09-19,53.69,54.04,53.46,53.11,621506.56,0.16,0.3,53.846,54.336,55.151,607605.99,544220.82,555053.12,0.57
2017-09-18,53.27,54.48,53.3,53.27,754002.94,-0.08,-0.15,54.116,54.619,55.238,594495.48,538447.16,574472.63,0.7
2017-09-15,54.09,54.2,53.38,53.15,754259.44,-0.64,-1.19,54.254,54.804,55.225,604514.58,511452.0,572580.11,0.7
2017-09-14,55.1,55.25,54.02,53.9,510191.16,-1.05,-1.91,54.582,55.083,55.214,511727.13,493134.41,593688.58,0.47
2017-09-13,54.8,55.36,55.07,54.33,398069.84,0.26,0.47,54.76,55.284,55.068,475637.01,490211.01,586914.59,0.37
2017-09-12,54.48,54.87,54.81,53.61,555954.0,0.82,1.52,54.826,55.418,54.875,480835.66,497431.75,584053.65,0.51
2017-09-11,55.21,55.98,53.99,53.92,804098.44,-1.03,-1.87,55.122,55.643,54.68,482398.84,483513.76,590298.43,0.74
2017-09-08,54.9,55.52,55.02,54.83,290322.22,0.11,0.2,55.354,55.864,54.505,418389.43,483433.49,589668.25,0.27
2017-09-07,55.6,55.82,54.91,54.83,329740.56,-0.49,-0.88,55.584,55.945,54.233,474541.68,528711.87,616559.42,0.3
2017-09-06,56.05,56.38,55.4,55.09,424063.09,-0.89,-1.58,55.808,55.966,54.024,504785.01,551803.29,642393.55,0.39
2017-09-05,55.4,56.6,56.29,55.11,563769.88,1.14,2.07,56.01,55.966,53.857,514027.83,565885.41,641727.1,0.52
2017-09-04,55.51,55.56,55.15,54.81,484051.38,-0.52,-0.93,56.164,55.857,53.665,484628.69,610498.1,631904.73,0.45
2017-09-01,56.05,57.04,56.17,55.6,571083.5,0.14,0.25,56.374,55.645,53.523,548477.55,633708.22,633894.77,0.53
2017-08-31,56.33,56.66,56.03,55.55,480957.19,-0.38,-0.67,56.306,55.345,53.312,582882.05,694242.74,638644.97,0.44
2017-08-30,57.0,57.63,56.41,56.26,470277.19,-0.65,-1.14,56.124,54.852,53.156,598821.56,683618.17,642862.69,0.43
2017-08-29,56.1,57.25,57.06,55.88,416774.19,0.86,1.53,55.922,54.332,53.038,617743.0,670675.56,655539.7,0.38
2017-08-28,55.98,57.75,56.2,55.98,803295.69,0.37,0.66,55.55,53.716,52.927,736367.51,697083.09,692097.82,0.74
2017-08-25,54.9,56.22,55.83,54.84,743106.0,0.71,1.29,54.916,53.145,52.718,718938.89,695903.02,682733.29,0.69
2017-08-24,55.55,56.28,55.12,54.95,560654.75,-0.28,-0.51,54.384,52.52,52.521,805603.44,704406.98,670142.73,0.52
2017-08-23,55.01,55.83,55.4,54.82,564884.38,0.2,0.36,53.58,52.081,52.383,768414.78,732983.82,675466.64,0.52
2017-08-22,53.41,55.26,55.2,53.32,1009896.75,2.17,4.09,52.742,51.747,52.208,723608.12,717568.79,680102.96,0.93
2017-08-21,53.4,54.28,53.03,52.78,716152.56,-0.14,-0.26,51.882,51.472,52.063,657798.67,653311.36,654949.87,0.66
2017-08-18,52.4,53.86,53.17,51.62,1176428.75,2.07,4.05,51.374,51.401,52.042,672867.14,634081.32,664372.03,1.09
2017-08-17,51.47,51.83,51.1,50.87,374711.47,-0.11,-0.21,50.656,51.278,51.982,603210.52,583047.19,670290.19,0.35
2017-08-16,50.85,51.29,51.21,50.53,340851.06,0.31,0.61,50.582,51.46,52.127,697552.85,602107.2,684514.55,0.31
2017-08-15,50.8,51.56,50.9,50.6,680849.5,0.41,0.81,50.752,51.743,52.259,711529.46,640403.84,706031.04,0.63
2017-08-14,49.99,51.0,50.49,49.64,791494.94,0.91,1.83,51.062,52.138,52.387,648824.06,687112.55,715940.04,0.73
2017-08-11,50.2,50.73,49.58,49.53,828145.62,-1.15,-2.27,51.428,52.291,52.558,595295.5,669563.56,746804.86,0.76
2017-08-10,52.07,52.45,50.73,50.51,846423.12,-1.33,-2.56,51.9,52.522,52.717,562883.86,635878.47,740787.16,0.78
2017-08-09,52.35,52.84,52.06,52.0,410734.12,-0.39,-0.74,52.338,52.685,52.762,506661.56,617949.46,731733.15,0.38
2017-08-08,52.3,52.56,52.45,51.91,367322.5,0.13,0.25,52.734,52.668,52.69,569278.22,642637.13,754702.31,0.34
2017-08-07,51.91,52.84,52.32,51.53,523852.16,0.38,0.73,53.214,52.654,52.629,725401.04,656588.37,771313.17,0.48
2017-08-04,52.99,53.19,51.94,51.85,666087.38,-0.98,-1.85,53.154,52.683,52.569,743831.62,694662.74,773659.36,0.61
2017-08-03,54.04,54.48,52.92,52.88,565311.62,-1.12,-2.07,53.144,52.685,52.523,708873.09,757533.19,767051.29,0.52
2017-08-02,54.81,54.82,54.04,53.88,723817.44,-0.81,-1.48,53.032,52.794,52.446,729237.36,766921.91,795676.45,0.67
2017-08-01,52.2,54.9,54.85,52.2,1147936.62,2.83,5.44,52.602,52.774,52.265,715996.04,771658.23,823112.44,1.06
2017-07-31,51.88,52.64,52.02,51.41,616005.06,0.13,0.25,52.094,52.636,51.919,587775.69,744767.52,799911.64,0.57
2017-07-28,52.2,52.46,51.89,51.8,491294.72,-0.47,-0.9,52.212,52.824,51.765,645493.86,824046.15,797271.34,0.45
2017-07-27,51.85,52.74,52.36,51.09,667132.94,0.47,0.91,52.226,52.912,51.65,806193.3,845695.84,802638.16,0.62
2017-07-26,52.1,52.5,51.89,51.28,657610.88,-0.42,-0.8,52.556,52.839,51.531,804606.46,845516.85,806942.95,0.61
2017-07-25,52.62,53.05,52.31,52.18,506834.84,-0.3,-0.57,52.946,52.711,51.367,827320.42,866767.49,808628.53,0.47
2017-07-24,52.08,53.1,52.61,51.68,904595.94,0.65,1.25,53.178,52.603,51.247,901759.35,886037.97,822328.58,0.84
2017-07-21,53.2,53.28,51.96,51.9,1294791.88,-2.05,-3.8,53.436,52.455,51.103,1002598.44,852655.98,824758.41,1.2
2017-07-20,53.55,54.15,54.01,52.82,659198.75,0.17,0.32,53.598,52.36,50.991,885198.39,776569.39,803704.8,0.61
2017-07-19,53.68,54.48,53.84,53.11,771180.69,0.37,0.69,53.122,52.098,50.747,886427.24,824430.99,828068.06,0.71
2017-07-18,53.6,54.26,53.47,52.51,879029.5,-0.43,-0.8,52.476,51.756,50.527,906214.56,874566.64,831996.89,0.81
2017-07-17,53.01,55.09,53.9,52.42,1408791.38,1.13,2.14,52.028,51.201,50.258,870316.59,855055.75,818863.18,1.3
2017-07-14,51.69,52.79,52.77,51.3,707791.62,1.14,2.21,51.474,50.705,49.991,702713.51,770496.54,788847.71,0.65
2017-07-13,50.98,51.86,51.63,50.83,665343.0,1.02,2.02,51.122,50.389,49.688,667940.39,759580.47,793819.7,0.61
2017-07-12,51.36,52.5,50.61,50.42,870117.31,-0.62,-1.21,51.074,50.222,49.415,762434.74,768369.05,812651.71,0.8
2017-07-11,50.81,52.01,51.23,50.61,699539.62,0.65,1.28,51.036,50.022,49.245,842918.72,750489.57,810846.55,0.65
2017-07-10,51.02,51.96,51.13,50.69,570776.0,0.12,0.23,50.374,49.891,49.106,839794.92,758619.19,809392.63,0.53
2017-07-07,51.15,51.62,51.01,50.53,533926.0,-0.38,-0.74,49.936,49.75,48.996,838279.56,796860.85,823833.67,0.49
2017-07-06,50.42,52.0,51.39,50.07,1137814.75,0.97,1.92,49.656,49.621,48.852,851220.56,830840.21,843421.21,1.05
2017-07-05,48.0,50.7,50.42,48.0,1272537.25,2.5,5.22,49.37,49.396,48.664,774303.36,831705.14,828139.04,1.17
2017-07-04,48.8,48.84,47.92,47.91,683920.62,-1.02,-2.08,49.008,49.297,48.442,658060.41,789427.13,803922.21,0.63
2017-07-03,49.8,49.8,48.94,48.55,563199.19,-0.67,-1.35,49.408,49.315,48.347,677443.46,782670.6,818084.66,0.52
2017-06-30,49.8,50.2,49.61,49.28,598631.0,-0.35,-0.7,49.564,49.277,48.134,755442.14,807198.88,828924.84,0.55
2017-06-29,48.8,50.05,49.96,48.38,753228.75,1.35,2.78,49.586,48.986,47.901,810459.86,828058.92,840309.97,0.7
2017-06-28,49.7,49.74,48.61,48.55,691322.5,-1.31,-2.62,49.422,48.608,47.702,889106.91,856934.38,841266.59,0.64
2017-06-27,49.7,49.95,49.92,48.93,780835.88,0.2,0.4,49.586,48.468,47.525,920793.85,871203.53,857199.36,0.72
2017-06-26,49.99,50.77,49.72,49.35,953192.56,0.0,0.0,49.222,48.32,47.288,887897.74,860166.06,857338.21,0.88
2017-06-23,49.24,49.9,49.72,48.79,873719.62,0.58,1.18,48.99,48.241,47.076,858955.61,850806.49,879173.58,0.81
2017-06-22,49.2,50.47,49.14,49.05,1146464.0,-0.29,-0.59,48.386,48.083,46.742,845657.98,856002.2,876163.58,1.06
2017-06-21,48.3,49.56,49.43,47.56,849757.19,1.33,2.77,47.794,47.931,46.443,824761.84,824572.94,871889.9,0.78
2017-06-20,48.77,48.93,48.1,47.67,616355.31,-0.46,-0.95,47.35,47.586,46.114,821613.2,818417.28,880680.59,0.57
2017-06-19,46.96,48.63,48.56,46.69,808481.94,1.86,3.98,47.418,47.379,45.759,832434.39,853498.72,870886.2,0.75
2017-06-16,46.1,47.18,46.7,46.1,807231.44,0.52,1.13,47.492,46.99,45.362,842657.36,850650.8,859546.05,0.75
2017-06-15,47.19,47.47,46.18,45.91,1041983.31,-1.03,-2.18,47.78,46.816,45.048,866346.42,852561.01,858139.79,0.96
2017-06-14,48.63,48.84,47.21,47.0,834014.0,-1.23,-2.54,48.068,46.795,44.794,824384.04,825598.8,837533.77,0.77
2017-06-13,48.75,49.2,48.44,47.9,670461.25,-0.49,-1.0,47.822,46.581,44.478,815221.36,843195.19,831644.28,0.62
2017-06-12,48.02,49.64,48.93,48.02,859596.81,0.79,1.64,47.34,46.255,44.104,874563.05,854510.36,858129.78,0.79
2017-06-09,47.7,48.77,48.14,47.5,925676.75,0.52,1.09,46.488,45.911,43.646,858644.24,907540.68,856539.66,0.85
2017-06-08,45.9,47.65,47.62,45.82,832171.38,1.64,3.57,45.852,45.4,43.231,838775.6,896324.96,889716.01,0.77
2017-06-07,46.2,46.88,45.98,45.71,788200.62,-0.05,-0.11,45.522,44.955,42.749,826813.56,919206.86,877866.59,0.73
2017-06-06,44.6,46.1,46.03,44.6,967169.69,1.36,3.04,45.34,44.641,42.34,871169.01,942943.9,886103.18,0.89
2017-06-05,44.92,45.15,44.67,44.08,780002.75,-0.29,-0.65,45.17,44.139,41.901,834457.68,888273.69,868943.68,0.72
2017-06-02,45.89,46.37,44.96,44.63,826333.56,-1.01,-2.2,45.334,43.734,41.559,956437.13,868441.29,857372.22,0.76
2017-06-01,45.4,46.0,45.97,44.9,772361.19,0.9,2.0,44.948,43.28,41.211,953874.33,863718.58,841324.73,0.71
2017-05-31,45.0,47.13,45.07,44.82,1009977.88,-0.11,-0.24,44.388,42.792,40.808,1011600.16,849468.74,833672.94,0.93
2017-05-26,45.4,45.85,45.18,44.86,783613.0,-0.31,-0.68,43.942,42.375,40.452,1014718.78,820093.37,817107.24,0.72
2017-05-25,43.0,45.56,45.49,42.95,1389900.0,2.46,5.72,43.108,41.952,40.084,942089.7,861749.19,840429.32,1.28
2017-05-24,43.0,43.54,43.03,41.97,813519.56,-0.14,-0.32,42.134,41.38,39.685,780445.46,805538.64,851402.28,0.75
2017-05-23,43.0,44.18,43.17,42.85,1060990.38,0.33,0.77,41.612,41.061,39.358,773562.83,883107.06,841366.96,0.98
2017-05-22,41.03,43.02,42.84,41.03,1025570.94,1.83,4.46,41.196,40.543,39.008,687337.31,836526.31,815813.59,0.95
2017-05-19,40.59,41.33,41.01,40.59,420467.62,0.39,0.96,40.808,40.038,38.67,625467.96,829262.46,790795.19,0.39
2017-05-18,40.06,41.08,40.62,40.06,581678.81,0.2,0.49,40.796,39.663,38.41,781408.69,849613.66,790574.22,0.54
2017-05-17,41.0,41.09,40.42,40.19,779106.38,-0.67,-1.63,40.626,39.383,38.154,830631.81,846303.14,785842.78,0.72
2017-05-16,40.9,41.3,41.09,40.68,629862.81,0.19,0.47,40.51,39.141,37.918,992651.29,818930.89,764648.98,0.58
2017-05-15,41.22,41.96,40.9,40.62,716224.19,-0.05,-0.12,39.89,38.823,37.665,985715.31,817877.14,751985.99,0.66
2017-05-12,39.7,41.3,40.95,39.7,1200171.25,1.18,2.97,39.268,38.529,37.414,1033056.96,814121.11,734720.54,1.11
2017-05-11,39.8,40.09,39.77,39.56,827794.44,-0.07,-0.18,38.53,38.216,37.162,917818.64,819109.45,694091.5,0.76
2017-05-10,38.03,40.05,39.84,38.01,1589203.75,1.85,4.87,38.14,37.99,36.974,861974.46,897265.92,685955.66,1.47
2017-05-09,37.71,38.08,37.99,37.71,595182.94,0.2,0.53,37.772,37.654,36.791,645210.49,799626.86,638156.76,0.55
2017-05-08,37.26,38.12,37.79,37.24,952932.44,0.53,1.42,37.756,37.472,36.714,650038.98,795100.86,632618.51,0.88
2017-05-05,37.7,37.86,37.26,37.2,623979.62,-0.56,-1.48,37.79,37.302,36.655,595185.26,752327.93,617352.35,0.58
2017-05-04,37.95,38.1,37.82,37.73,548573.56,-0.18,-0.47,37.902,37.156,36.64,720400.26,731534.77,612319.04,0.51
2017-05-03,37.95,38.28,38.0,37.82,505383.88,0.09,0.24,37.84,36.925,36.604,932557.38,725382.43,615565.36,0.47
2017-05-02,37.8,38.38,37.91,37.8,619325.38,-0.05,-0.13,37.536,36.695,36.554,954043.24,710367.07,622195.98,0.57
2017-04-28,37.9,38.07,37.96,37.61,678663.88,0.14,0.37,37.188,36.506,36.496,940162.75,686094.83,615873.77,0.63
2017-04-27,37.49,38.26,37.82,37.44,1250054.62,0.31,0.83,36.814,36.299,36.437,909470.59,655319.97,608201.91,1.15
2017-04-26,36.57,37.92,37.51,36.47,1609359.12,1.03,2.82,36.41,36.107,36.383,742669.28,569073.55,571866.52,1.49
2017-04-25,36.17,36.56,36.48,36.12,612813.19,0.31,0.86,36.01,35.957,36.344,518207.47,474645.4,552828.67,0.57
2017-04-24,36.09,36.26,36.17,35.99,549922.94,0.08,0.22,35.854,35.928,36.348,466690.89,476686.66,569388.83,0.51
2017-04-21,35.81,36.26,36.09,35.65,525203.06,0.29,0.81,35.824,35.956,36.368,432026.9,470136.16,602345.65,0.48
2017-04-20,35.66,35.91,35.8,35.56,416048.09,0.29,0.82,35.784,36.007,36.363,401169.35,482376.77,602480.84,0.38
2017-04-19,35.68,35.85,35.51,35.47,487050.09,-0.19,-0.53,35.804,36.123,36.387,395477.82,493103.32,630182.64,0.45
2017-04-18,36.0,36.09,35.7,35.67,355230.28,-0.32,-0.89,35.904,36.282,36.403,431083.33,505748.3,627059.6,0.33
2017-04-17,35.81,36.07,36.02,35.67,376603.0,0.13,0.36,36.002,36.413,36.405,486682.42,534024.89,636429.16,0.35
2017-04-14,35.9,36.04,35.89,35.66,370915.28,-0.01,-0.03,36.088,36.486,36.408,508245.42,545652.72,637181.06,0.34
2017-04-13,35.8,36.09,35.9,35.8,387590.47,-0.11,-0.3,36.23,36.575,36.411,563584.2,561083.85,632071.33,0.36
2017-04-12,36.17,36.32,36.01,34.9,665077.62,-0.18,-0.5,36.442,36.658,36.413,590728.81,574659.5,626540.01,0.61
2017-04-11,36.45,36.6,36.19,35.84,633225.75,-0.26,-0.71,36.66,36.731,36.411,580413.26,631011.93,611285.63,0.58
2017-04-10,36.56,36.71,36.45,36.38,484417.97,-0.15,-0.41,36.824,36.767,36.382,581367.35,662091.0,589996.68,0.45
2017-04-07,36.94,37.01,36.6,36.56,647609.19,-0.36,-0.97,36.884,36.779,36.348,583060.02,734555.14,584674.11,0.6
2017-04-06,37.11,37.13,36.96,36.78,523313.53,-0.14,-0.38,36.92,36.719,36.309,558583.51,722584.9,563436.49,0.48
2017-04-05,37.1,37.3,37.1,36.99,613499.88,0.09,0.24,36.874,36.65,36.259,558590.18,767261.95,549131.38,0.57
2017-03-31,36.68,37.14,37.01,36.58,637996.19,0.26,0.71,36.802,36.523,36.196,681610.61,748370.9,532792.24,0.59
2017-03-30,36.71,36.79,36.75,36.4,492881.31,-0.03,-0.08,36.71,36.397,36.138,742814.64,738833.44,513460.15,0.45
2017-03-29,36.89,37.04,36.78,36.69,525226.62,0.05,0.14,36.674,36.329,36.093,886050.26,728709.41,512098.93,0.48
2017-03-28,36.77,36.97,36.73,36.61,523346.91,-0.01,-0.03,36.518,36.247,36.062,886586.3,703058.8,503591.68,0.48
2017-03-27,36.51,37.28,36.74,36.5,1228602.0,0.19,0.52,36.426,36.168,36.037,975933.73,678420.53,490847.79,1.13
2017-03-24,36.65,37.11,36.55,36.2,944016.38,-0.02,-0.06,36.244,36.091,36.016,815131.2,591559.33,449488.03,0.87
2017-03-23,36.18,36.93,36.57,36.14,1209059.38,0.57,1.58,36.084,35.996,36.017,734852.24,517902.37,415128.89,1.12
2017-03-22,36.09,36.23,36.0,35.81,527906.81,-0.27,-0.74,35.984,35.917,36.014,571368.56,434793.08,377651.96,0.49
2017-03-21,36.03,36.29,36.27,35.87,970084.06,0.44,1.23,35.976,35.899,36.055,519531.3,404288.09,370277.62,0.9
2017-03-20,35.76,35.96,35.83,35.66,424589.38,0.08,0.22,35.91,35.868,36.08,380907.33,331000.8,349190.0,0.39
2017-03-17,36.12,36.22,35.75,35.62,542621.56,-0.32,-0.89,35.938,35.868,36.13,367987.46,317213.57,365032.64,0.5
2017-03-16,36.1,36.24,36.07,35.97,391641.0,0.11,0.31,35.908,35.878,36.155,300952.5,288086.86,364176.76,0.36
2017-03-15,35.88,36.0,35.96,35.76,268720.5,0.02,0.06,35.85,35.857,36.167,298217.6,295488.44,361985.56,0.25
2017-03-14,35.99,36.13,35.94,35.81,276964.19,-0.03,-0.08,35.822,35.877,36.185,289044.87,304124.57,382192.15,0.26
2017-03-13,35.6,36.04,35.97,35.56,359990.03,0.37,1.04,35.826,35.906,36.193,281094.27,303275.06,392890.08,0.33
2017-03-10,35.71,35.77,35.6,35.58,207446.77,-0.18,-0.5,35.798,35.941,36.21,266439.69,307416.74,409567.62,0.19
2017-03-09,35.77,35.8,35.78,35.5,377966.53,-0.04,-0.11,35.848,36.037,36.24,275221.23,312355.41,419156.23,0.35
2017-03-08,35.9,35.92,35.82,35.77,222856.84,-0.14,-0.39,35.864,36.111,36.256,292759.28,320510.84,426636.35,0.21
2017-03-07,35.83,35.97,35.96,35.8,237211.19,0.13,0.36,35.932,36.211,36.266,319204.27,336267.15,435307.94,0.22
2017-03-06,35.81,35.94,35.83,35.75,286717.12,-0.02,-0.06,35.986,36.292,36.271,325455.85,367379.2,447756.38,0.26
2017-03-03,35.8,35.94,35.85,35.71,251354.45,-0.01,-0.03,36.084,36.391,36.277,348393.79,412851.71,465866.23,0.23
2017-03-02,36.34,36.34,35.86,35.84,465656.81,-0.3,-0.83,36.226,36.432,36.265,349489.59,440266.65,477761.89,0.43
2017-03-01,36.26,36.32,36.16,36.13,355081.78,-0.07,-0.19,36.358,36.476,36.298,348262.39,428482.68,468339.32,0.33
2017-02-28,36.32,36.44,36.23,36.19,268469.09,-0.09,-0.25,36.49,36.492,36.311,353330.02,460259.73,468531.34,0.25
2017-02-27,36.51,36.64,36.32,36.21,401406.81,-0.24,-0.66,36.598,36.479,36.309,409302.54,482505.1,468541.17,0.37
2017-02-24,36.53,36.57,36.56,36.36,256833.48,0.04,0.11,36.698,36.478,36.303,477309.63,511718.5,468370.89,0.24
2017-02-23,36.77,36.89,36.52,36.44,459520.81,-0.3,-0.81,36.638,36.442,36.288,531043.71,525957.05,468545.86,0.42
2017-02-22,36.88,36.92,36.82,36.67,380419.91,0.05,0.14,36.594,36.401,36.264,508702.97,532761.86,455551.23,0.35
2017-02-21,36.83,37.18,36.77,36.7,548331.69,-0.05,-0.14,36.494,36.321,36.234,567189.44,534348.73,449873.69,0.51
2017-02-20,36.31,36.89,36.82,36.25,741442.25,0.56,1.54,36.36,36.25,36.194,555707.65,528133.56,439931.76,0.68
2017-02-17,36.36,36.66,36.26,36.2,525503.88,-0.04,-0.11,36.258,36.162,36.163,546127.38,518880.76,459318.26,0.49
2017-02-16,36.42,36.43,36.3,36.19,347817.12,-0.02,-0.06,36.246,36.098,36.128,520870.4,515257.12,449580.02,0.32
2017-02-15,36.27,36.48,36.32,36.21,672852.25,0.22,0.61,36.208,36.119,36.073,556820.75,508195.95,441548.51,0.62
2017-02-14,36.4,36.4,36.1,35.95,490922.75,-0.21,-0.58,36.148,36.13,36.019,501508.03,476802.96,418404.08,0.45
2017-02-13,36.29,36.41,36.31,36.17,693540.88,0.11,0.3,36.14,36.138,35.975,500559.48,454577.24,404125.48,0.64
2017-02-10,36.21,36.34,36.2,36.1,399219.0,0.09,0.25,36.066,36.127,35.931,491634.14,425023.28,382979.29,0.37
2017-02-09,36.07,36.37,36.11,36.0,527568.88,0.09,0.25,35.95,36.133,35.893,509643.84,411134.66,381161.45,0.49
2017-02-08,36.04,36.08,36.02,35.7,396288.62,-0.04,-0.11,36.03,36.127,35.874,459571.15,378340.6,369128.53,0.37
2017-02-07,36.0,36.24,36.06,35.92,486180.0,0.12,0.33,36.112,36.146,35.855,452097.89,365398.65,361942.8,0.45
2017-02-06,35.74,36.03,35.94,35.53,648914.19,0.32,0.9,36.136,36.138,35.836,408595.01,351729.97,352482.7,0.6
2017-02-03,36.5,36.5,35.62,35.6,489267.53,-0.89,-2.44,36.188,36.163,35.811,358412.42,399755.77,333575.15,0.45
2017-01-26,36.45,36.8,36.51,36.44,277205.41,0.08,0.22,36.316,36.157,35.786,312625.47,383902.92,323632.8,0.26
2017-01-25,36.2,36.45,36.43,36.09,358922.31,0.25,0.69,36.224,36.027,35.725,297110.06,374901.08,329088.46,0.33
2017-01-24,36.2,36.33,36.18,36.1,268665.59,-0.02,-0.06,36.18,35.907,35.667,278699.42,360005.2,322032.48,0.25
2017-01-23,36.26,36.42,36.2,36.04,398001.28,-0.06,-0.17,36.14,35.812,35.614,294864.93,353673.73,326164.83,0.37
2017-01-20,36.05,36.28,36.26,36.01,260332.77,0.21,0.58,36.138,35.734,35.54,441099.12,340935.3,321360.82,0.24
2017-01-19,36.13,36.37,36.05,35.92,199628.34,-0.16,-0.44,35.998,35.652,35.466,455180.36,351188.25,323094.65,0.18
2017-01-18,36.07,36.44,36.21,36.06,266869.12,0.23,0.64,35.83,35.62,35.4,452692.1,359916.45,331926.22,0.25
2017-01-17,36.07,36.34,35.98,35.89,349493.12,-0.21,-0.58,35.634,35.564,35.323,441310.97,358486.94,349930.3,0.32
2017-01-16,35.56,36.28,36.19,35.21,1129172.25,0.63,1.77,35.484,35.534,35.294,412482.53,353235.43,347235.45,1.04
2017-01-13,35.23,35.9,35.56,35.19,330738.97,0.35,0.99,35.33,35.458,35.258,240771.47,267394.53,307826.56,0.31
2017-01-12,35.3,35.42,35.21,35.15,187187.03,-0.02,-0.06,35.306,35.415,35.26,247196.13,263362.68,330593.78,0.17
2017-01-11,35.25,35.43,35.23,35.1,209963.48,0.0,0.0,35.41,35.423,35.351,267140.8,283275.84,350556.92,0.19
2017-01-10,35.44,35.49,35.23,35.2,205350.91,-0.19,-0.54,35.494,35.426,35.422,275662.91,284059.77,359838.62,0.19
2017-01-09,35.47,35.55,35.42,35.27,270616.97,-0.02,-0.06,35.584,35.415,35.506,293988.33,298655.93,403038.28,0.25
2017-01-06,35.73,35.89,35.44,35.35,362862.28,-0.29,-0.81,35.586,35.346,35.578,294017.6,301786.35,413859.1,0.33
2017-01-05,35.73,35.94,35.73,35.68,286910.34,0.08,0.22,35.524,35.279,35.631,279529.22,295001.06,410474.4,0.26
2017-01-04,35.69,35.79,35.65,35.51,252574.05,-0.03,-0.08,35.436,35.18,35.667,299410.89,303936.0,411662.4,0.23
2017-01-03,35.34,36.01,35.68,35.32,296978.0,0.25,0.71,35.358,35.081,35.693,292456.62,341373.66,417839.97,0.27
2016-12-30,35.27,35.45,35.43,35.11,270763.31,0.3,0.85,35.246,35.053,35.722,303323.53,341235.48,434095.83,0.25
2016-12-29,35.15,35.29,35.13,35.03,290420.38,-0.16,-0.45,35.106,35.058,35.764,309555.11,348258.59,452243.42,0.27
2016-12-28,35.2,35.32,35.29,34.99,386318.69,0.03,0.09,35.034,35.105,35.828,310472.9,397824.89,461441.71,0.36
2016-12-27,35.0,35.34,35.26,34.98,217802.73,0.14,0.4,34.924,35.279,35.882,308461.12,417838.01,467527.76,0.2
2016-12-26,34.55,35.16,35.12,34.35,351312.53,0.39,1.12,34.804,35.418,35.958,390290.7,435617.48,489906.94,0.32
2016-12-23,34.69,34.77,34.73,34.4,301921.22,-0.04,-0.12,34.86,35.596,36.033,379147.42,507420.62,506790.24,0.28
2016-12-22,34.66,34.93,34.77,34.4,295009.31,0.03,0.09,35.01,35.809,36.134,386962.07,525931.85,514610.72,0.27
2016-12-21,34.85,35.05,34.74,34.61,376259.81,0.08,0.23,35.176,35.982,36.217,485176.88,525947.75,525898.48,0.35
2016-12-20,35.42,35.45,34.66,34.45,626950.62,-0.74,-2.09,35.634,36.154,36.28,527214.9,519388.8,529092.14,0.58
2016-12-19,35.48,35.6,35.4,35.31,295596.16,-0.08,-0.23,36.032,36.304,36.354,480944.25,494306.28,534595.7,0.27
2016-12-16,35.46,35.77,35.48,35.4,340994.44,-0.12,-0.34,36.332,36.39,36.379,635693.82,526956.19,574267.67,0.31
2016-12-15,36.78,36.89,35.6,35.43,786083.38,-1.43,-3.86,36.608,36.47,36.356,664901.63,556228.25,573252.8,0.73
2016-12-14,36.63,37.5,37.03,36.61,586449.88,0.38,1.04,36.788,36.551,36.326,566718.62,525058.52,545884.41,0.54
2016-12-13,36.8,36.94,36.65,36.54,395597.41,-0.25,-0.68,36.674,36.484,36.226,511562.7,517217.52,528755.41,0.37
2016-12-12,37.12,37.76,36.9,36.7,1069344.0,0.04,0.11,36.576,36.497,36.141,507668.31,544196.4,523320.75,0.99
2016-12-09,36.64,37.15,36.86,36.48,487033.47,0.36,0.99,36.448,36.47,36.044,418218.56,506159.85,504032.13,0.45
2016-12-08,36.61,36.73,36.5,36.43,295168.34,0.04,0.11,36.332,36.46,35.949,447554.87,503289.58,505875.8,0.27
2016-12-07,36.17,36.64,36.46,36.07,310670.28,0.29,0.8,36.314,36.453,35.872,483398.42,525849.2,508757.55,0.29
2016-12-06,36.19,36.47,36.16,36.13,376125.44,-0.1,-0.28,36.294,36.405,35.784,522872.34,538795.49,527641.31,0.35
2016-12-05,35.96,36.29,36.26,35.87,622095.25,-0.01,-0.03,36.418,36.404,35.727,580724.5,574885.12,523176.63,0.57
2016-12-02,36.42,36.43,36.28,35.97,633715.06,-0.14,-0.38,36.492,36.368,35.664,594101.15,621579.16,502830.21,0.59
2016-12-01,36.35,36.73,36.41,36.24,474386.09,0.08,0.22,36.588,36.241,35.597,559024.29,590277.35,484368.44,0.44
2016-11-30,36.81,37.09,36.36,36.23,508039.84,-0.41,-1.11,36.592,36.101,35.524,568299.98,566710.3,480906.36,0.47
2016-11-29,36.61,37.3,36.78,36.45,665386.25,0.17,0.46,36.516,35.967,35.436,554718.64,540293.31,468342.38,0.61
2016-11-28,37.01,37.37,36.63,36.54,688978.5,-0.15,-0.41,36.39,35.785,35.35,569045.75,502445.09,453432.63,0.64
2016-11-25,36.42,36.8,36.76,36.17,458330.78,0.34,0.93,36.244,35.617,35.249,649057.17,501904.41,430701.35,0.42
2016-11-24,35.98,36.63,36.43,35.98,520764.53,0.45,1.25,35.894,35.438,35.14,621530.4,508462.02,424042.28,0.48
2016-11-23,36.22,36.35,35.98,35.96,440133.12,-0.14,-0.39,35.61,35.29,35.029,565120.62,491665.91,408886.22,0.41
2016-11-22,35.81,36.44,36.15,35.81,737021.81,0.25,0.7,35.418,35.163,34.951,525867.99,516487.14,396748.42,0.68
2016-11-21,34.95,36.35,35.9,34.95,1089035.62,0.89,2.54,35.18,35.049,34.871,435844.43,471468.13,371883.31,1.01
2016-11-18,35.0,35.06,35.01,34.94,320696.91,0.01,0.03,34.99,34.959,34.801,354751.64,384081.26,338477.0,0.3
2016-11-17,34.99,35.02,35.01,34.8,238715.62,-0.01,-0.03,34.982,34.952,34.761,395393.65,378459.55,336443.74,0.22
2016-11-16,35.0,35.1,35.02,34.91,243869.97,0.06,0.17,34.97,34.947,34.717,418211.19,395102.42,330892.09,0.23
2016-11-15,34.98,35.01,34.96,34.9,286904.03,0.01,0.03,34.908,34.905,34.673,507106.3,396391.45,328956.2,0.26
2016-11-14,34.92,35.13,34.95,34.88,683571.69,-0.04,-0.11,34.918,34.914,34.635,507091.83,404420.17,328779.01,0.63
2016-11-11,34.95,35.24,34.97,34.86,523906.94,0.03,0.09,34.928,34.881,34.585,413410.88,359498.3,310061.15,0.48
2016-11-10,34.92,35.2,34.95,34.85,352803.34,0.24,0.69,34.922,34.842,34.543,361525.44,339622.54,295443.82,0.33
2016-11-09,35.0,35.01,34.71,34.33,688345.5,-0.29,-0.83,34.924,34.767,34.502,371993.64,326106.54,295077.03,0.64
2016-11-08,35.11,35.18,35.01,34.88,286831.69,0.02,0.06,34.902,34.739,34.482,285676.6,277009.69,276086.79,0.26
2016-11-07,34.98,35.05,35.0,34.88,215166.92,0.07,0.2,34.91,34.692,34.451,301748.51,272298.48,286432.82,0.2
2016-11-04,34.88,35.16,34.94,34.87,264479.75,-0.03,-0.09,34.834,34.642,34.431,305585.72,292872.74,292734.18,0.24
2016-11-03,34.59,35.09,34.96,34.52,405144.34,0.35,1.01,34.762,34.569,34.392,317719.65,294427.93,289211.79,0.37
2016-11-02,34.89,34.98,34.6,34.54,256760.31,-0.46,-1.31,34.61,34.487,34.353,280219.43,266681.77,280498.06,0.24
2016-11-01,34.63,35.1,35.05,34.5,367191.25,0.44,1.27,34.576,34.44,34.329,268342.78,261520.94,283526.66,0.34
2016-10-31,34.4,34.65,34.62,34.2,234352.95,0.09,0.26,34.474,34.355,34.296,242848.45,253137.85,288079.68,0.22
2016-10-28,34.4,34.73,34.58,34.36,325149.38,0.39,1.14,34.45,34.288,34.285,280159.76,260623.99,292788.36,0.3
2016-10-27,34.42,34.43,34.2,34.1,217643.27,-0.22,-0.64,34.376,34.243,34.299,271136.21,251265.1,292250.45,0.2
2016-10-26,34.56,34.64,34.43,34.39,197377.03,-0.12,-0.35,34.364,34.236,34.341,253144.11,264047.52,308434.78,0.18
2016-10-25,34.56,34.62,34.54,34.4,239719.61,0.05,0.14,34.304,34.224,34.353,254699.11,275163.89,316189.89,0.22
2016-10-24,34.22,34.79,34.5,34.15,420909.5,0.28,0.82,34.236,34.21,34.369,263427.24,300567.15,311537.09,0.39
2016-10-21,34.12,34.28,34.21,34.05,280031.62,0.07,0.2,34.126,34.219,34.393,241088.23,292595.61,309124.91,0.26
2016-10-20,34.16,34.24,34.14,34.11,127682.81,0.02,0.06,34.11,34.214,34.397,231394.0,283995.65,312730.18,0.12
2016-10-19,34.24,34.27,34.13,34.1,205152.0,-0.07,-0.2,34.108,34.218,34.426,274950.93,294314.34,322218.27,0.19
2016-10-18,33.88,34.29,34.2,33.88,283360.28,0.26,0.77,34.144,34.219,34.474,295628.68,305532.38,355261.89,0.26
2016-10-17,34.12,34.18,33.95,33.88,309214.44,-0.16,-0.47,34.184,34.236,34.537,337707.06,323021.52,363114.24,0.29
2016-10-14,34.13,34.18,34.13,34.05,231560.48,0.01,0.03,34.312,34.281,34.608,344103.0,324952.72,364423.33,0.21
2016-10-13,34.22,34.32,34.13,34.01,345467.44,-0.17,-0.5,34.318,34.356,34.663,336597.3,333235.79,376376.32,0.32
2016-10-12,34.26,34.44,34.31,34.2,308540.75,-0.07,-0.2,34.328,34.445,34.713,313677.76,352822.04,387319.24,0.28
2016-10-11,34.62,34.75,34.4,34.25,493752.19,-0.2,-0.58,34.294,34.482,34.734,315436.08,357215.89,392058.55,0.46
2016-10-10,34.46,34.8,34.59,34.3,341194.12,0.43,1.26,34.288,34.528,34.756,308335.98,322507.03,392886.02,0.31
2016-09-30,34.1,34.27,34.16,34.06,194031.98,-0.03,-0.09,34.25,34.566,34.744,305802.45,325654.21,387997.67,0.18
2016-09-29,34.25,34.44,34.18,34.15,230869.75,0.04,0.12,34.394,34.579,34.747,329874.29,341464.71,387928.85,0.21
2016-09-28,34.38,34.38,34.14,34.12,317332.38,-0.22,-0.64,34.562,34.633,34.748,391966.32,350122.19,391396.53,0.29
2016-09-27,34.23,34.4,34.37,34.19,458251.69,-0.01,-0.03,34.67,34.729,34.754,398995.7,404991.4,387397.71,0.42
2016-09-26,34.76,34.78,34.4,34.33,328526.44,-0.49,-1.4,34.768,34.837,34.741,336678.07,403206.96,375011.12,0.3
2016-09-23,35.05,35.2,34.88,34.72,314391.19,-0.13,-0.37,34.882,34.935,34.725,345505.98,403893.94,378002.43,0.29
2016-09-22,34.81,35.37,35.02,34.81,541329.88,0.35,1.01,34.764,34.969,34.697,353055.13,419516.84,380967.56,0.5
2016-09-21,34.89,34.98,34.68,34.48,352479.28,-0.17,-0.49,34.704,34.981,34.689,308278.07,421816.44,381848.5,0.33
2016-09-20,34.97,34.97,34.86,34.8,146663.56,-0.11,-0.32,34.788,34.985,34.68,410987.1,426901.21,380203.01,0.14
2016-09-19,34.4,35.12,34.97,34.4,372666.0,0.67,1.95,34.906,34.984,34.663,469735.85,463265.02,390610.72,0.34
2016-09-14,34.5,34.6,34.29,34.17,352136.91,-0.43,-1.24,34.988,34.921,34.634,462281.89,450341.12,414495.19,0.33
2016-09-13,34.98,34.98,34.72,34.4,317444.59,-0.4,-1.14,35.174,34.915,34.619,485978.56,434392.99,418372.11,0.29
2016-09-12,34.91,35.15,35.1,34.2,866024.44,-0.36,-1.01,35.258,34.863,34.581,535354.81,432670.86,448302.09,0.8
2016-09-09,35.43,35.84,35.45,35.28,440407.31,0.07,0.2,35.182,34.779,34.554,442815.32,369804.01,466079.48,0.41
2016-09-08,35.2,35.58,35.38,35.13,335396.19,0.17,0.48,35.062,34.644,34.455,456794.19,346815.27,478778.21,0.31
2016-09-07,35.19,35.67,35.22,35.18,470620.28,0.08,0.23,34.854,34.514,34.326,438400.35,352110.93,500975.2,0.43
2016-09-06,34.72,35.43,35.14,34.64,564325.81,0.38,1.09,34.656,34.425,34.194,382807.42,342418.28,494834.91,0.52
2016-09-05,34.69,34.95,34.72,34.5,403327.0,0.06,0.17,34.468,34.397,34.064,329986.91,341880.57,487151.54,0.37
2016-09-02,34.34,34.89,34.85,34.23,510301.69,0.48,1.4,34.376,34.375,33.942,296792.71,333504.82,482163.66,0.47
2016-09-01,34.21,34.54,34.34,34.16,243426.95,0.12,0.35,34.226,34.342,33.808,236836.35,317956.42,470255.14,0.22
2016-08-31,34.19,34.38,34.23,34.03,192655.67,0.02,0.06,34.174,34.347,33.698,265821.51,378649.26,468470.26,0.18
2016-08-30,34.28,34.46,34.2,34.06,300223.25,-0.06,-0.17,34.194,34.323,33.597,302029.13,402351.22,468163.73,0.28
2016-08-29,34.01,34.31,34.26,33.72,237355.98,0.17,0.5,34.326,34.298,33.501,353774.23,463933.32,461995.54,0.22
2016-08-26,34.16,34.41,34.1,34.04,210519.91,0.01,0.03,34.374,34.328,33.402,370216.93,562354.94,461234.69,0.19
2016-08-25,34.01,34.16,34.08,33.8,388352.72,-0.25,-0.73,34.458,34.266,33.315,399076.49,610741.15,462173.67,0.36
2016-08-24,34.89,34.92,34.33,34.31,373693.78,-0.51,-1.46,34.52,34.138,33.235,491477.01,649839.47,457001.65,0.34
2016-08-23,34.42,35.18,34.86,34.42,558948.75,0.4,1.16,34.452,33.962,33.158,502673.31,647251.55,478461.1,0.52
2016-08-22,34.61,34.68,34.5,34.23,319569.47,-0.02,-0.06,34.27,33.731,33.041,574092.41,632422.52,470817.51,0.3
2016-08-19,34.48,34.66,34.52,34.17,354817.75,0.09,0.26,34.282,33.508,32.931,754492.96,630822.5,463584.13,0.33
2016-08-18,34.3,34.9,34.39,34.13,850355.31,0.42,1.24,34.074,33.273,32.82,822405.81,622553.87,456424.49,0.78
2016-08-17,34.05,34.13,33.99,33.68,429675.25,0.07,0.21,33.756,33.049,32.729,808201.93,558291.26,426323.92,0.4
2016-08-16,34.8,34.92,33.95,33.89,916044.25,-0.61,-1.76,33.472,32.87,32.644,791829.79,533976.25,414118.83,0.85
2016-08-15,33.55,35.23,34.56,33.48,1221572.25,1.08,3.23,33.192,32.703,32.566,690752.63,460057.76,381497.62,1.13
2016-08-12,32.81,33.5,33.48,32.76,694382.0,0.69,2.1,32.734,32.476,32.472,507152.04,360114.43,339435.8,0.64
2016-08-11,32.5,33.4,32.8,32.5,779335.88,0.26,0.8,32.472,32.364,32.428,422701.92,313606.19,322319.87,0.72
2016-08-10,32.55,32.78,32.57,32.52,347814.59,0.03,0.09,32.342,32.332,32.412,308380.6,264163.83,293678.95,0.32
2016-08-09,32.33,32.66,32.55,32.33,410658.41,0.28,0.87,32.268,32.354,32.407,276122.71,309670.65,297389.95,0.38
2016-08-08,32.23,32.3,32.27,32.1,303569.34,0.09,0.28,32.214,32.35,32.401,229362.89,309212.5,298156.32,0.28
2016-08-05,32.16,32.25,32.17,32.11,272131.38,0.02,0.06,32.218,32.353,32.377,213076.82,296345.75,294542.06,0.25
2016-08-04,32.18,32.2,32.15,32.01,207729.3,-0.03,-0.09,32.256,32.367,32.358,204510.46,290295.11,290583.01,0.19
2016-08-03,32.13,32.28,32.2,32.1,186525.12,-0.08,-0.25,32.322,32.408,32.348,219947.05,294356.58,291378.07,0.17
2016-08-02,32.3,32.38,32.28,32.2,176859.31,0.0,0.0,32.44,32.418,32.335,343218.59,294261.4,294526.8,0.16
2016-08-01,32.3,32.4,32.29,32.2,222138.97,-0.08,-0.25,32.486,32.428,32.325,389062.11,302937.48,296730.75,0.21
2016-07-29,32.49,32.6,32.36,32.31,229299.62,-0.09,-0.28,32.488,32.468,32.333,379614.69,318757.17,305784.75,0.21
2016-07-28,32.53,32.68,32.48,32.41,284912.25,-0.31,-0.94,32.478,32.491,32.323,376079.75,331033.56,303437.3,0.26
2016-07-27,32.55,32.8,32.79,31.83,802882.81,0.27,0.83,32.494,32.491,32.301,368766.11,323194.07,298081.46,0.74
2016-07-26,32.3,32.64,32.51,32.25,406076.91,0.21,0.65,32.396,32.46,32.27,245304.21,285109.25,271112.89,0.37
2016-07-25,32.3,32.4,32.3,32.22,174901.84,0.0,0.0,32.37,32.451,32.238,216812.86,287100.13,262692.34,0.16
2016-07-22,32.5,32.54,32.31,32.23,211624.92,-0.24,-0.74,32.448,32.4,32.207,257899.65,292738.37,265879.22,0.2
2016-07-21,32.31,32.65,32.56,32.31,248344.05,0.25,0.77,32.504,32.348,32.169,285987.37,290870.91,276766.09,0.23
2016-07-20,32.42,32.45,32.3,32.13,185573.31,-0.08,-0.25,32.488,32.287,32.141,277622.03,288399.57,277029.76,0.17
2016-07-19,32.69,32.69,32.38,32.21,263620.16,-0.31,-0.95,32.524,32.251,32.13,324914.29,294792.2,275930.75,0.24
2016-07-18,32.67,33.0,32.69,32.62,380335.81,0.1,0.31,32.532,32.222,32.114,357387.41,290524.02,274181.82,0.35
2016-07-15,32.5,32.7,32.59,32.42,352063.5,0.1,0.31,32.352,32.197,32.086,327577.1,292812.33,268021.8,0.33
2016-07-14,32.44,32.5,32.48,32.29,206517.38,0.02,0.06,32.192,32.155,32.056,295754.46,275841.03,265173.9,0.19
2016-07-13,32.6,32.8,32.48,32.3,422034.59,0.07,0.22,32.086,32.111,32.03,299177.1,272968.84,271318.11,0.39
2016-07-12,31.81,32.46,32.42,31.8,425985.78,0.63,1.98,31.978,32.08,32.005,264670.11,257116.53,269373.54,0.39
2016-07-11,31.81,31.97,31.79,31.76,231284.23,0.01,0.03,31.912,32.024,31.983,223660.63,238284.55,265861.19,0.21
2016-07-08,31.95,31.96,31.79,31.76,192950.3,-0.16,-0.5,32.042,32.014,31.981,258047.56,239020.07,277808.96,0.18
2016-07-07,31.95,31.99,31.95,31.8,223630.59,-0.04,-0.12,32.118,31.99,31.999,255927.61,262661.27,281391.94,0.21
2016-07-06,32.0,32.08,31.94,31.8,249499.67,-0.13,-0.41,32.136,31.995,32.009,246760.59,265659.95,282190.74,0.23
2016-07-05,32.2,32.25,32.09,32.0,220938.34,0.0,0.0,32.182,32.009,32.017,249562.95,257069.29,281559.25,0.2
2016-07-04,32.12,32.66,32.44,32.06,403218.88,0.26,0.81,32.136,32.006,32.03,252908.47,257839.63,288094.25,0.37
2016-07-01,32.14,32.28,32.17,32.06,182350.58,0.13,0.41,31.986,31.974,32.019,219992.59,243231.26,282427.9,0.17
2016-06-30,32.17,32.3,32.04,32.01,177795.47,-0.12,-0.37,31.862,31.957,32.025,269394.92,254506.76,294482.05,0.16
2016-06-29,31.9,32.18,32.17,31.85,263511.47,0.32,1.0,31.854,31.949,32.058,284559.31,269667.37,323533.57,0.24
2016-06-28,31.57,31.86,31.86,31.46,237665.94,0.18,0.57,31.836,31.93,32.046,264575.64,281630.54,321406.74,0.22
2016-06-27,31.5,31.74,31.69,31.45,238639.5,0.14,0.44,31.876,31.941,32.033,262770.78,293437.83,316572.82,0.22
2016-06-24,31.98,32.13,31.55,31.21,429362.22,-0.45,-1.41,31.962,31.948,32.03,266469.94,316597.84,314818.92,0.4
2016-06-23,32.09,32.14,32.0,31.97,253617.41,-0.08,-0.25,32.052,32.008,32.034,239618.61,300122.62,300207.06,0.23
2016-06-22,32.05,32.15,32.08,31.97,163593.12,0.02,0.06,32.044,32.023,32.017,254775.44,298721.54,296802.24,0.15
2016-06-21,32.18,32.48,32.06,32.01,228641.66,-0.06,-0.19,32.024,32.025,32.004,298685.45,306049.21,302491.85,0.21
2016-06-20,32.2,32.2,32.12,31.97,257135.27,0.14,0.44,32.006,32.054,31.992,324104.87,318348.86,299829.39,0.24
2016-06-17,31.97,32.19,32.0,31.92,295105.59,0.03,0.09,31.934,32.063,31.978,366725.74,321624.53,301231.15,0.27
2016-06-16,31.83,32.12,31.96,31.83,329401.56,-0.02,-0.06,31.964,32.092,31.967,360626.62,334457.33,316576.76,0.3
2016-06-15,31.62,32.08,31.98,31.61,383143.16,0.0,0.0,32.002,32.166,31.945,342667.63,377399.76,310452.52,0.35
2016-06-14,31.69,32.02,31.97,31.5,355738.78,0.17,0.54,32.026,32.162,31.927,313412.97,361182.95,303354.51,0.33
2016-06-13,31.95,32.03,31.76,31.7,470239.62,-0.39,-1.21,32.102,32.125,31.914,312592.86,339707.82,305200.11,0.43
2016-06-08,32.12,32.23,32.15,32.02,264610.0,0.01,0.03,32.192,32.111,31.912,276523.33,313040.0,310122.95,0.24
2016-06-07,32.22,32.24,32.15,32.08,239606.61,0.04,0.12,32.22,32.06,31.867,308288.03,300291.5,310774.42,0.22
2016-06-06,32.4,32.45,32.1,32.05,236869.84,-0.24,-0.74,32.33,32.01,31.818,412131.89,294882.93,312616.73,0.22
2016-06-03,32.45,32.45,32.35,32.02,351638.22,0.14,0.43,32.298,31.982,31.771,408952.92,298934.49,325296.51,0.32
2016-06-02,32.31,32.5,32.21,32.1,289891.97,-0.08,-0.25,32.148,31.93,31.723,366822.78,281309.91,332305.54,0.27
2016-06-01,32.69,32.82,32.29,32.25,423433.53,-0.43,-1.31,32.03,31.893,31.711,349556.66,280837.76,328380.97,0.39
2016-05-31,31.94,33.5,32.7,31.94,758825.88,0.79,2.48,31.9,31.841,31.693,292294.96,298696.19,320422.5,0.7
2016-05-30,31.75,31.94,31.94,31.5,220975.0,0.34,1.08,31.69,31.723,31.652,177633.98,243505.28,307940.19,0.2
2016-05-27,31.7,31.71,31.6,31.58,140987.52,-0.03,-0.1,31.666,31.691,31.656,188916.07,245526.07,309867.01,0.13
2016-05-26,31.61,31.79,31.62,31.5,203561.39,0.01,0.03,31.712,31.702,31.686,195797.03,270692.4,314189.46,0.19
2016-05-25,31.83,31.88,31.64,31.59,137125.0,0.0,0.0,31.756,31.712,31.717,212118.86,307205.9,320474.46,0.13
2016-05-24,31.72,31.83,31.65,31.5,185520.98,-0.18,-0.57,31.782,31.674,31.755,305097.42,321257.34,329020.64,0.17
2016-05-23,31.76,31.96,31.82,31.71,277385.44,0.0,0.0,31.756,31.626,31.788,309376.57,330350.52,335109.49,0.26
2016-05-20,31.82,31.97,31.83,31.72,175392.36,0.0,0.0,31.716,31.56,31.818,302136.07,351658.53,342779.23,0.16
2016-05-19,31.71,31.9,31.84,31.7,285170.53,0.03,0.09,31.692,31.516,31.837,345587.76,383301.16,366569.41,0.26
2016-05-18,31.41,31.89,31.77,31.37,602017.81,0.26,0.82,31.668,31.528,31.857,402292.94,375924.17,412000.72,0.56
2016-05-17,31.6,31.65,31.52,31.45,206916.73,-0.09,-0.28,31.566,31.544,31.866,337417.26,342148.81,405677.43,0.19
2016-05-16,31.56,31.7,31.62,31.51,241182.91,-0.1,-0.32,31.496,31.581,31.879,351324.47,372375.09,423464.74,0.22
2016-05-13,31.55,31.85,31.71,31.49,392650.81,0.0,0.0,31.404,31.621,31.898,401180.98,374207.95,438189.07,0.36
2016-05-12,31.2,31.85,31.72,30.95,568696.44,0.47,1.5,31.34,31.669,31.913,421014.57,357686.52,439691.7,0.52
2016-05-11,31.24,31.37,31.26,31.16,277639.41,0.07,0.22,31.388,31.722,31.923,349555.4,333743.02,449040.97,0.26
2016-05-10,31.08,31.26,31.17,31.02,276452.78,0.01,0.03,31.522,31.835,31.937,346880.35,336783.94,446143.41,0.26
2016-05-09,31.39,31.4,31.16,31.05,490465.47,-0.24,-0.76,31.666,31.95,31.954,393425.72,339868.46,449903.72,0.45
2016-05-06,32.0,32.01,31.39,31.39,491818.75,-0.56,-1.75,31.838,32.076,31.955,347234.92,333899.94,443468.39,0.45
2016-05-05,31.93,32.05,31.96,31.87,211400.59,0.03,0.09,31.998,32.158,31.954,294358.48,349837.65,436983.03,0.2
2016-05-04,31.93,32.03,31.93,31.89,264264.16,0.02,0.06,32.056,32.186,31.942,317930.64,448077.27,440029.4,0.24
2016-05-03,32.01,32.43,31.89,31.86,509179.62,-0.15,-0.47,32.148,32.187,31.946,326687.53,469206.05,448305.69,0.47
2016-04-29,32.09,32.4,32.02,31.95,259511.48,-0.17,-0.53,32.234,32.177,31.947,286311.21,474554.39,442123.18,0.24
2016-04-28,32.26,32.38,32.19,32.01,227436.53,-0.07,-0.22,32.314,32.174,31.937,320564.95,502170.18,444046.58,0.21
2016-04-27,32.57,32.62,32.25,32.21,329261.41,-0.14,-0.43,32.318,32.156,31.928,405316.83,521696.88,454277.67,0.3
2016-04-26,32.32,32.53,32.39,32.21,308048.62,0.07,0.22,32.316,32.123,31.878,578223.9,564338.91,454878.69,0.28
2016-04-25,32.3,32.5,32.32,31.97,307298.0,-0.1,-0.31,32.226,32.039,31.832,611724.56,555502.89,458374.91,0.28
2016-04-22,32.0,32.55,32.42,31.88,430780.19,0.2,0.62,32.12,31.958,31.82,662797.57,559938.98,460868.8,0.4
2016-04-21,31.94,32.5,32.21,31.86,651195.94,0.0,0.0,32.034,31.833,31.789,683775.42,553036.86,456884.63,0.6
2016-04-20,31.94,32.25,32.24,31.11,1193796.75,0.31,0.97,31.994,31.749,31.792,638076.92,524128.41,442348.48,1.1
2016-04-19,32.0,32.04,31.94,31.75,475551.91,0.15,0.47,31.93,31.698,31.785,550453.92,431981.53,412840.01,0.44
2016-04-18,31.8,32.09,31.79,31.51,562663.06,-0.2,-0.62,31.852,31.705,31.829,499281.21,427405.34,446001.92,0.52
2016-04-15,32.03,32.1,31.99,31.88,535669.44,-0.03,-0.09,31.796,31.717,31.845,457080.39,409691.97,461572.93,0.49
2016-04-14,32.08,32.38,32.01,31.88,422703.44,0.1,0.31,31.632,31.7,31.845,422298.29,385922.98,463328.75,0.39
2016-04-13,31.8,32.26,31.92,31.72,755681.75,0.37,1.17,31.504,31.699,31.851,410179.9,386858.45,522017.41,0.7
2016-04-12,31.49,31.75,31.55,31.4,219688.38,0.04,0.13,31.466,31.632,31.822,313509.14,345418.47,515224.25,0.2
2016-04-11,31.32,31.84,31.51,31.32,351658.94,0.35,1.12,31.558,31.624,31.801,355529.46,361246.94,532029.68,0.32
2016-04-08,31.2,31.27,31.17,31.04,361758.94,-0.2,-0.64,31.638,31.681,31.773,362303.55,361798.61,532343.23,0.33
2016-04-07,31.89,31.96,31.37,31.36,362111.47,-0.37,-1.17,31.768,31.744,31.751,349547.66,360732.41,530810.73,0.33
2016-04-06,31.78,31.96,31.73,31.64,272327.97,-0.27,-0.84,31.894,31.834,31.752,363537.01,360568.56,552750.45,0.25
2016-04-05,31.7,32.2,32.01,31.5,429789.97,0.09,0.28,31.798,31.871,31.73,377327.8,393698.48,572829.66,0.4
2016-04-01,31.83,31.96,31.91,31.21,385529.38,0.1,0.31,31.69,31.952,31.682,366964.41,464598.5,578560.33,0.36
2016-03-31,32.09,32.18,31.82,31.71,297979.53,-0.17,-0.53,31.724,31.972,31.661,361293.68,513453.88,648772.15,0.28
2016-03-30,31.6,32.06,32.0,31.52,432058.22,0.75,2.4,31.72,31.99,31.591,371917.15,540734.53,660620.62,0.4
2016-03-29,31.61,31.76,31.25,31.14,341281.88,-0.21,-0.67,31.774,32.003,31.5,357600.1,657176.37,670185.41,0.32
2016-03-28,32.1,32.35,31.47,31.35,377973.06,-0.59,-1.84,31.944,32.012,31.401,410069.17,685030.03,673462.69,0.35
2016-03-25,31.81,32.8,32.08,31.64,357175.69,0.28,0.88,32.214,31.978,31.278,562232.58,702812.43,687945.63,0.33
2016-03-24,32.07,32.09,31.8,31.75,351096.88,-0.46,-1.43,32.22,31.865,31.129,665614.09,702887.85,686692.41,0.32
2016-03-23,32.29,32.76,32.27,32.08,360472.97,0.17,0.53,32.26,31.757,30.988,709551.92,700889.05,698667.45,0.33
2016-03-22,32.65,33.04,32.1,32.0,603627.25,-0.73,-2.22,32.232,31.669,30.895,956752.65,744932.34,695889.33,0.56
2016-03-21,32.39,33.8,32.82,32.24,1138790.12,0.7,2.18,32.08,31.588,30.815,959990.89,751960.83,687437.19,1.05
2016-03-18,32.32,32.42,32.11,31.88,874083.25,0.11,0.34,31.742,31.411,30.723,843392.29,692522.16,669951.98,0.81
2016-03-17,32.1,32.37,32.0,31.88,570786.0,-0.13,-0.41,31.51,31.349,30.613,740161.6,784090.41,639293.92,0.53
2016-03-16,31.1,32.26,32.13,31.05,1596476.62,0.77,2.46,31.254,31.191,30.508,692226.17,780506.7,634983.9,1.47
2016-03-15,31.05,31.49,31.34,30.65,619818.44,0.23,0.74,31.106,30.996,30.404,533112.04,683194.44,578241.81,0.57
2016-03-14,30.99,31.57,31.13,30.9,555797.12,0.09,0.29,31.096,30.79,30.343,543930.77,661895.35,567129.82,0.51
2016-03-11,30.57,31.1,30.95,30.47,357929.81,0.21,0.68,31.08,30.577,30.257,541652.04,673078.82,561336.82,0.33
2016-03-10,30.98,31.29,30.72,30.7,331108.88,-0.66,-2.1,31.188,30.393,30.193,828019.23,670496.97,560105.43,0.31
2016-03-09,30.82,31.45,31.39,30.26,800905.94,0.09,0.29,31.128,30.218,30.142,868787.23,696445.86,561878.51,0.74
2016-03-08,30.98,31.35,31.29,29.99,673912.12,0.24,0.77,30.886,30.12,30.045,833276.85,646846.31,541350.82,0.62
2016-03-07,31.38,31.58,31.05,30.81,544403.44,-0.5,-1.58,30.484,30.041,29.978,779859.93,622913.54,526411.93,0.5
2016-03-04,30.28,31.6,31.49,30.13,1789765.75,1.11,3.65,30.074,30.034,29.901,804505.59,647381.8,516215.99,1.65
2016-03-03,30.25,30.49,30.42,29.98,534948.88,0.24,0.8,29.598,29.876,29.836,512974.71,494497.42,458947.27,0.49
2016-03-02,29.35,30.3,30.18,29.35,623354.06,0.92,3.14,29.308,29.825,29.782,524104.49,489461.11,456420.7,0.58
2016-03-01,28.9,29.69,29.28,28.56,406827.53,0.27,0.93,29.354,29.811,29.733,460415.77,473289.17,460445.66,0.38
2016-02-29,29.05,29.15,29.0,27.81,667631.75,-0.1,-0.34,29.598,29.895,29.729,465967.16,472364.28,478444.78,0.62
2016-02-26,29.33,29.4,29.11,28.94,332111.34,0.15,0.52,29.994,29.936,29.792,490258.01,449594.83,463800.43,0.31
2016-02-25,30.37,30.37,28.97,28.86,590597.75,-1.44,-4.74,30.154,29.992,29.847,476020.13,449713.9,471850.06,0.55
2016-02-24,30.3,30.6,30.41,30.03,304910.5,-0.09,-0.29,30.342,30.065,29.9,454817.73,427311.16,476415.23,0.28
2016-02-23,30.96,30.97,30.5,30.24,434584.44,-0.47,-1.52,30.268,29.97,29.907,486162.56,435855.33,511521.83,0.4
2016-02-22,30.28,31.65,30.98,30.03,789086.0,1.06,3.54,30.192,29.915,29.959,478761.41,429910.31,523488.88,0.73
2016-02-19,29.91,30.15,29.91,29.73,260921.98,0.0,0.0,29.878,29.767,29.961,408931.66,385050.17,508219.27,0.24
2016-02-18,30.28,30.49,29.91,29.8,484585.72,-0.13,-0.43,29.83,29.796,30.02,423407.66,423397.12,524743.3,0.45
2016-02-17,30.13,30.33,30.04,29.92,461634.66,-0.08,-0.27,29.788,29.738,30.125,399804.6,423380.3,540375.37,0.43
2016-02-16,29.55,30.32,30.12,29.46,397578.69,0.69,2.35,29.672,29.654,30.221,385548.09,447602.16,548560.14,0.37
2016-02-15,28.7,29.79,29.41,28.62,439937.25,-0.25,-0.84,29.638,29.562,30.325,381059.22,484525.27,565871.66,0.41
2016-02-05,29.7,30.0,29.67,29.61,333302.0,-0.04,-0.14,29.656,29.647,30.455,361168.68,478006.02,593552.65,0.31
2016-02-04,29.77,30.06,29.7,29.49,366570.41,0.06,0.2,29.762,29.702,30.667,423386.57,493986.23,626007.38,0.34
2016-02-03,29.5,29.8,29.46,29.1,390352.12,-0.51,-1.7,29.688,29.735,30.848,446956.0,525519.29,619502.67,0.36
2016-02-02,29.53,30.1,29.95,29.5,375134.31,0.42,1.42,29.636,29.844,31.102,509656.23,587188.34,623991.11,0.35
2016-02-01,30.16,30.16,29.5,29.31,340484.56,-0.68,-2.25,29.486,30.002,31.328,587991.33,617067.45,648983.65,0.31
2016-01-29,29.2,30.38,30.2,29.12,644391.44,0.9,3.07,29.638,30.155,31.554,594843.36,631388.36,667458.02,0.59
2016-01-28,29.2,29.61,29.33,28.77,484417.59,0.11,0.38,29.642,30.244,31.836,564585.89,626089.48,661202.29,0.45
2016-01-27,29.35,29.48,29.2,28.8,703853.25,-0.03,-0.1,29.782,30.511,32.156,604082.57,657370.43,661680.19,0.65
2016-01-26,29.91,30.1,29.2,28.98,766809.81,-1.06,-3.5,30.052,30.787,32.504,664720.46,649518.13,641888.48,0.71
2016-01-25,30.29,30.36,30.26,29.89,374744.72,0.04,0.13,30.518,31.087,32.829,646143.57,647218.06,635517.56,0.35
2016-01-22,30.37,30.49,30.22,29.68,493104.06,0.07,0.23,30.672,31.263,33.161,667933.36,709099.28,634402.48,0.46
2016-01-21,30.37,30.81,30.03,29.87,681901.0,-0.5,-1.64,30.846,31.632,33.496,687593.07,758028.54,650365.44,0.63
2016-01-20,31.22,31.45,30.55,30.29,1007042.69,-0.96,-3.05,31.24,31.961,33.844,710658.29,713486.05,675690.4,0.93
2016-01-19,31.22,31.68,31.53,30.75,673925.38,0.46,1.48,31.522,32.36,34.162,634315.79,660793.89,661533.69,0.62
2016-01-18,30.73,31.27,31.03,30.59,483693.66,-0.17,-0.55,31.656,32.654,34.431,648292.54,680899.85,697144.15,0.45
2016-01-15,31.64,31.87,31.09,30.9,591402.62,-0.9,-2.81,31.854,32.953,34.669,750265.21,703527.69,714929.93,0.55
2016-01-14,30.9,32.06,32.0,30.8,797227.12,0.01,0.03,32.418,33.428,34.89,828464.01,696315.1,714656.32,0.74
2016-01-13,32.77,32.78,31.96,31.85,625330.19,-0.25,-0.78,32.682,33.801,35.052,716313.8,665989.94,693820.82,0.58
2016-01-12,32.27,32.56,32.2,31.82,743809.12,0.17,0.53,33.198,34.22,35.217,687271.98,634258.84,694191.92,0.69
2016-01-11,33.0,33.33,32.02,32.0,993557.0,-1.92,-5.66,33.652,34.57,35.387,713507.16,623817.07,704492.61,0.92
2016-01-08,34.0,34.45,33.91,32.9,982396.62,0.14,0.41,34.052,35.058,35.517,656790.16,559705.68,681214.65,0.91
2016-01-07,34.0,34.52,33.32,33.0,236476.05,-1.21,-3.5,34.438,35.36,35.546,564166.19,542702.33,659767.71,0.22
2016-01-06,34.3,34.66,34.54,34.0,480121.09,0.04,0.12,34.92,35.727,35.602,615666.09,637894.75,668748.73,0.44
2016-01-05,33.68,34.81,34.47,33.5,874985.06,0.42,1.23,35.242,35.964,35.597,581245.71,662273.49,673420.16,0.81
2016-01-04,35.84,35.84,34.02,33.9,709972.0,-1.98,-5.5,35.488,36.207,35.611,534126.98,713388.44,654046.74,0.66
2015-12-31,35.79,36.19,35.84,35.42,519276.75,0.08,0.22,36.064,36.384,35.658,462621.2,726332.17,662232.25,0.48
2015-12-30,36.26,36.28,35.73,35.44,493975.53,-0.42,-1.16,36.282,36.351,35.665,521238.47,732997.55,707421.38,0.46
2015-12-29,35.7,36.19,36.15,35.67,308019.22,0.45,1.26,36.534,36.303,35.678,660123.42,721651.69,774129.24,0.28
2015-12-28,36.95,37.1,35.7,35.66,639391.38,-1.2,-3.25,36.686,36.214,35.578,743301.26,754124.99,800488.1,0.59
2015-12-25,36.9,37.17,36.9,36.71,352443.12,-0.02,-0.05,36.926,36.204,35.486,892649.91,785168.15,810533.78,0.33
2015-12-24,37.06,37.59,36.93,36.46,812363.12,-0.05,-0.14,36.704,35.976,35.331,990043.14,802723.61,851138.85,0.75
2015-12-23,36.92,37.88,36.99,36.8,1188400.25,0.06,0.16,36.42,35.732,35.237,944756.62,776833.09,837978.82,1.1
2015-12-22,36.85,37.11,36.91,36.41,723908.44,0.01,0.03,36.072,35.477,35.14,783179.97,699602.7,802726.94,0.67
2015-12-21,35.79,37.23,36.9,35.65,1386134.62,1.11,3.1,35.742,35.23,35.043,764948.72,684566.83,799158.73,1.28
2015-12-18,35.41,36.28,35.79,35.36,839409.25,0.28,0.79,35.482,35.014,34.946,677686.38,594705.04,760301.19,0.77
2015-12-17,35.56,35.88,35.51,35.27,585930.56,0.3,0.85,35.248,34.931,34.909,615404.08,598132.33,743379.27,0.54
2015-12-16,35.3,35.53,35.25,35.12,380516.97,-0.01,-0.03,35.044,34.979,34.899,608909.56,681845.22,739374.35,0.35
2015-12-15,35.5,35.61,35.26,35.05,632752.19,-0.36,-1.01,34.882,35.053,34.881,616025.44,826606.78,754998.57,0.58
2015-12-14,34.15,35.95,35.6,34.02,949822.94,1.03,2.98,34.718,34.941,34.881,604184.94,846851.21,771780.44,0.88
2015-12-11,34.39,34.66,34.62,34.18,527997.75,0.13,0.38,34.546,34.767,34.858,511723.7,835899.42,761662.27,0.49
2015-12-10,34.41,35.25,34.49,34.39,553457.94,0.05,0.14,34.614,34.685,34.88,580860.58,899554.09,773491.54,0.51
2015-12-09,34.44,34.86,34.44,34.34,416096.38,0.02,0.06,34.914,34.741,34.928,754780.87,899124.54,791497.54,0.38
2015-12-08,34.5,34.85,34.44,34.34,573549.69,-0.3,-0.86,35.224,34.802,34.998,1037188.12,905851.17,826411.77,0.53
2015-12-07,35.0,35.15,34.74,34.53,487516.72,-0.21,-0.6,35.164,34.856,35.089,1089517.48,913750.63,869144.08,0.45
2015-12-04,35.46,35.68,34.96,34.8,873682.19,-1.01,-2.81,34.988,34.877,35.172,1160075.14,925897.35,961330.11,0.81
2015-12-03,35.53,36.6,35.99,35.32,1423059.38,-0.02,-0.06,34.756,34.886,35.234,1218247.6,888626.2,1025059.81,1.31
2015-12-02,34.2,36.2,35.99,33.98,1828132.62,1.87,5.48,34.568,34.818,35.202,1043468.21,796903.49,1174958.34,1.69
2015-12-01,33.79,34.9,34.14,33.61,835196.5,0.34,1.01,34.38,34.708,35.152,774514.22,683390.36,1179678.36,0.77
2015-11-30,33.69,34.0,33.86,32.95,840305.0,0.02,0.06,34.548,34.821,35.096,737983.78,696709.68,1156970.15,0.78
2015-11-27,35.0,35.08,33.8,33.39,1164544.5,-1.23,-3.51,34.766,34.948,35.053,691719.56,687425.13,1143007.29,1.08
2015-11-26,35.19,35.42,35.05,35.0,549162.44,0.01,0.03,35.016,35.074,35.037,559004.8,647428.98,1108483.61,0.51
2015-11-25,34.95,35.09,35.05,34.86,483362.66,0.08,0.23,35.068,35.114,34.952,550338.76,683870.53,1107034.15,0.45
2015-11-24,34.91,35.19,34.98,34.58,652544.31,0.01,0.03,35.036,35.194,34.877,592266.51,746972.38,1116402.31,0.6
2015-11-23,35.07,35.28,34.95,34.9,608983.88,-0.09,-0.26,35.094,35.322,34.843,655435.57,824537.53,1147141.94,0.56
2015-11-20,35.3,35.38,35.05,34.99,500970.69,-0.26,-0.74,35.13,35.467,34.776,683130.71,996762.87,1223016.79,0.46
2015-11-19,35.02,35.36,35.31,34.95,505832.28,0.43,1.23,35.132,35.582,34.711,735853.17,1161493.43,1247661.47,0.47
2015-11-18,35.25,35.37,34.89,34.75,693001.38,-0.37,-1.05,35.16,35.585,34.589,817402.3,1553013.2,1258055.6,0.64
2015-11-17,35.35,36.38,35.27,35.12,968389.62,0.15,0.43,35.352,35.595,34.475,901678.25,1675966.36,1290258.01,0.89
2015-11-16,34.54,35.15,35.13,34.45,747459.56,0.08,0.23,35.55,35.37,34.357,993639.5,1617230.63,1269167.8,0.69
2015-11-13,35.05,35.48,35.06,34.91,764583.0,-0.37,-1.04,35.804,35.158,34.26,1310395.04,1598589.45,1275842.93,0.71
2015-11-12,36.08,36.08,35.45,35.38,913577.94,-0.39,-1.09,36.032,35.0,34.146,1587133.69,1569538.24,1271795.31,0.84
2015-11-11,36.05,36.24,35.85,35.47,1114381.12,-0.4,-1.1,36.01,34.79,33.996,2288624.1,1530197.77,1258376.95,1.03
2015-11-10,36.0,36.94,36.26,35.8,1428195.88,-0.19,-0.52,35.838,34.56,33.789,2450254.48,1485832.24,1226236.32,1.32
2015-11-09,36.31,37.43,36.4,36.16,2331237.25,0.21,0.58,35.19,34.364,33.586,2240821.77,1469746.34,1179218.79,2.15
2015-11-06,35.25,36.5,36.2,35.03,2148276.25,0.88,2.49,34.512,34.084,33.397,1886783.86,1449270.72,1114003.06,1.98
2015-11-05,34.51,37.48,35.34,34.47,4421030.0,0.34,0.97,33.968,33.839,33.172,1551942.78,1333829.52,1047630.08,4.08
2015-11-04,33.09,35.37,34.99,33.09,1922533.0,1.97,5.97,33.57,33.592,32.943,771771.43,963098.0,913943.21,1.77
2015-11-03,33.18,33.27,33.02,32.9,381032.34,0.0,0.0,33.282,33.355,32.687,521410.01,904549.66,836094.02,0.35
2015-11-02,33.14,33.46,33.01,32.91,561047.69,-0.48,-1.43,33.538,33.344,32.527,698670.92,921104.97,849071.93,0.52
2015-10-30,33.4,33.95,33.48,33.24,474070.88,0.1,0.3,33.656,33.361,32.422,1011757.58,953096.41,834609.16,0.44
2015-10-29,33.71,33.85,33.35,33.21,520173.25,-0.2,-0.6,33.71,33.292,32.309,1115716.25,974052.38,846479.9,0.48
2015-10-28,34.2,34.35,33.55,33.5,670725.88,-0.82,-2.39,33.614,33.202,32.198,1154424.56,986556.14,852397.63,0.62
2015-10-27,33.61,35.14,34.3,33.01,1267336.88,0.73,2.17,33.428,33.017,32.058,1287689.31,966640.39,869482.1,1.17
2015-10-26,34.02,35.51,33.6,33.53,2126481.0,-0.13,-0.39,33.15,32.807,31.932,1143539.02,888691.25,866151.54,1.96
2015-10-23,33.0,34.0,33.75,32.96,993864.25,0.89,2.71,33.066,32.71,31.8,894435.25,778735.4,800343.45,0.92
2015-10-22,32.5,33.05,32.87,32.35,713714.81,0.02,0.06,32.874,32.505,31.641,832388.51,761430.65,793472.18,0.66
2015-10-21,32.96,33.66,32.62,32.07,1337049.62,-0.29,-0.88,32.79,32.294,31.508,818687.71,864788.42,808589.92,1.23
2015-10-20,32.95,33.05,32.91,32.5,546585.44,-0.26,-0.78,32.606,32.019,31.405,645591.47,767638.38,799144.78,0.5
2015-10-19,32.8,33.38,33.18,32.63,880962.12,0.39,1.19,32.464,31.71,31.232,633843.47,777038.88,830980.38,0.81
2015-10-16,32.65,33.15,32.79,32.5,683630.56,0.33,1.02,32.354,31.482,31.074,663035.56,716121.9,897269.62,0.63
2015-10-15,31.8,32.49,32.45,31.68,645210.81,0.77,2.43,32.136,31.325,30.928,690472.79,718907.42,898501.2,0.6
2015-10-14,32.07,32.29,31.7,31.66,471568.44,-0.5,-1.55,31.798,31.193,30.818,910889.13,718239.12,910185.1,0.44
2015-10-13,32.3,32.67,32.2,32.1,487845.41,-0.44,-1.35,31.432,31.099,30.744,889685.28,772323.8,958131.76,0.45
2015-10-12,31.61,32.93,32.63,31.56,1026922.56,0.95,3.0,30.956,31.057,30.621,920234.29,843611.83,996503.8,0.95
2015-10-09,31.1,31.83,31.7,31.0,820816.75,1.0,3.26,30.61,30.889,30.434,769208.24,821951.49,1013314.33,0.76
2015-10-08,32.0,32.15,30.76,30.55,1747292.5,0.9,3.01,30.514,30.776,30.344,747342.04,825513.7,1159026.43,1.61
2015-09-30,30.05,30.18,29.87,29.77,365549.16,-0.06,-0.2,30.588,30.722,30.314,525589.11,752391.42,1256207.39,0.34
2015-09-29,30.48,30.48,29.82,29.67,640590.5,-1.08,-3.5,30.766,30.79,30.335,654962.32,830651.19,1382663.23,0.59
2015-09-28,31.05,31.13,30.9,30.68,271792.28,-0.33,-1.06,31.158,30.753,30.327,766989.37,884921.88,1516600.68,0.25
2015-09-25,31.01,31.4,31.22,30.58,711485.75,0.08,0.26,31.168,30.666,30.232,874694.75,1078417.35,1700010.29,0.66
2015-09-24,30.91,31.33,31.13,30.84,638527.88,0.36,1.17,31.038,30.531,29.989,903685.36,1078094.98,1855770.58,0.59
2015-09-23,31.29,31.58,30.76,30.71,1012415.19,-1.01,-3.18,30.856,30.442,29.691,979193.73,1102131.07,2039652.26,0.93
2015-09-22,31.1,32.06,31.78,30.83,1200725.75,0.82,2.65,30.814,30.388,29.476,1006340.06,1143939.71,2190679.61,1.11
2015-09-21,30.21,31.15,30.95,30.05,810319.19,0.38,1.24,30.348,30.185,29.36,1002854.39,1149395.76,2233572.42,0.75
2015-09-18,30.42,31.1,30.57,30.36,856438.81,0.31,1.02,30.164,29.978,29.34,1282139.95,1204677.16,2247988.47,0.79
2015-09-17,30.49,31.18,30.22,30.1,1016069.69,-0.33,-1.08,30.024,29.911,29.382,1252504.59,1492539.15,2285893.2,0.94
2015-09-16,29.33,31.17,30.55,29.07,1148146.88,1.09,3.7,30.028,29.905,29.435,1225068.41,1760023.36,2340284.44,1.06
2015-09-15,29.6,29.79,29.45,29.0,1183297.38,-0.69,-2.29,29.962,29.879,29.556,1281539.36,1934675.27,2358962.3,1.09
2015-09-14,29.97,30.2,30.03,28.73,2206747.0,0.19,0.64,30.022,29.901,29.778,1295937.14,2148279.48,2357595.27,2.04
2015-09-11,30.16,30.47,29.87,29.61,708262.0,-0.4,-1.32,29.792,29.798,29.982,1127214.36,2321603.23,2302259.4,0.65
2015-09-10,30.08,30.36,30.24,29.81,878888.81,0.02,0.07,29.798,29.447,30.178,1732573.71,2633446.18,2333519.46,0.81
2015-09-09,29.86,30.66,30.22,29.61,1430501.62,0.64,2.16,29.782,28.94,30.41,2294978.3,2977173.45,2372818.57,1.32
2015-09-08,28.86,29.87,29.75,28.86,1255286.25,0.87,3.01,29.796,28.563,30.654,2587811.17,3237419.51,2411213.15,1.16
2015-09-07,29.65,30.28,28.88,28.6,1363133.12,-1.1,-3.67,29.78,28.535,30.861,3000621.82,3317749.08,2424656.96,1.26
2015-09-02,29.15,30.24,29.9,29.03,3735058.75,-0.26,-0.86,29.804,28.702,31.062,3515992.1,3291299.79,2404585.7,3.45
2015-09-01,29.53,30.18,30.16,28.65,3690911.75,-0.13,-0.43,29.096,28.853,31.231,3534318.65,3079247.25,2282492.51,3.41
2015-08-31,28.86,30.35,30.29,28.52,2894666.0,0.64,2.16,28.098,28.964,31.434,3659368.6,2920545.53,2175426.49,2.67
2015-08-28,29.5,30.39,29.67,28.79,3319339.5,0.67,2.31,27.33,29.233,31.586,3887027.85,2783249.34,2146792.89,3.06
2015-08-27,27.4,29.0,29.0,26.97,3939984.5,2.64,10.02,27.29,29.655,31.77,3634876.33,2566911.06,2082646.6,3.64
2015-08-26,25.2,27.3,26.36,25.12,3826691.5,1.25,4.98,27.6,30.165,32.034,3066607.48,2282915.58,2002701.05,3.53
2015-08-25,25.3,27.55,25.17,24.65,4316161.5,-1.28,-4.84,28.61,30.908,32.463,2624175.85,2033592.74,1959609.1,3.98
2015-08-24,28.49,28.5,26.45,26.45,4032962.25,-2.94,-10.0,29.83,31.88,32.959,2181722.45,1768463.69,1913686.55,3.72
2015-08-21,30.46,31.15,29.47,29.3,2058581.88,-1.08,-3.54,31.136,32.745,33.466,1679470.83,1585006.79,1797668.24,1.9
2015-08-20,31.0,31.4,30.55,30.52,1098640.25,-0.86,-2.74,32.02,33.186,36.024,1498945.8,1531564.85,1753828.24,1.01
2015-08-19,30.95,31.64,31.41,30.5,1614533.38,0.12,0.38,32.73,33.421,38.626,1499223.67,1517871.61,1776157.76,1.49
2015-08-18,33.03,33.63,31.27,31.24,2103894.5,-1.7,-5.16,33.206,33.609,41.015,1443009.62,1485737.76,1739659.06,1.94
2015-08-17,33.41,33.49,32.98,32.6,1521704.12,-0.91,-2.69,33.93,33.904,43.479,1355204.92,1430307.46,1677972.26,1.4
2015-08-14,34.18,34.26,33.89,33.8,1155956.75,-0.18,-0.53,34.354,33.939,45.883,1490542.75,1510336.45,1663882.51,1.07
2015-08-13,33.71,34.28,34.1,33.5,1100029.62,0.31,0.92,34.352,33.885,48.212,1564183.9,1598382.14,1663060.57,1.02
2015-08-12,34.5,34.76,33.79,33.77,1333463.12,-1.08,-3.1,34.112,33.902,50.43,1536519.55,1722486.53,1647849.44,1.23
2015-08-11,34.9,35.69,34.89,34.7,1664871.0,-0.2,-0.57,34.012,34.017,52.692,1528465.9,1885625.46,1650423.28,1.54
2015-08-10,34.0,35.44,35.1,33.57,2198393.25,1.21,3.57,33.878,34.037,54.879,1505410.0,2058909.41,1644518.07,2.03
2015-08-07,33.34,34.24,33.88,33.15,1524162.5,0.99,3.01,33.524,34.186,57.157,1530130.15,2010329.69,1637148.0,1.41
2015-08-06,32.77,33.64,32.9,32.61,961707.88,-0.39,-1.17,33.418,38.861,59.573,1632580.38,1976091.64,1729021.21,0.89
2015-08-05,34.0,34.09,33.29,33.21,1293194.88,-0.92,-2.69,33.692,43.83,61.945,1908453.5,2034443.9,1854106.83,1.19
2015-08-04,33.1,34.3,34.22,32.95,1549591.5,0.86,2.58,34.022,48.42,64.152,2242785.02,1993580.36,1974123.26,1.43
2015-08-03,33.0,33.39,33.33,32.28,2321994.0,-0.04,-0.12,34.196,53.053,66.743,2612408.82,1925637.06,2318307.73,2.14
2015-07-31,34.01,34.42,33.35,33.11,2036413.62,-0.96,-2.8,34.848,57.827,68.98,2490529.22,1817428.56,2393984.26,1.88
2015-07-30,34.9,36.08,34.27,34.1,2341073.5,-0.67,-1.92,44.304,62.538,71.038,2319602.9,1727739.01,2393207.95,2.16
2015-07-29,35.76,35.98,34.94,33.8,2964852.5,-0.16,-0.46,53.968,66.958,73.209,2160434.3,1573212.36,2370598.73,2.74
2015-07-28,35.01,36.73,35.09,34.58,3397710.5,-1.47,-4.02,62.818,71.367,75.395,1744375.7,1415221.11,2295878.38,3.14
2015-07-27,39.89,40.08,36.59,36.39,1712596.0,-3.47,-8.66,71.91,75.72,77.738,1238865.3,1230126.72,2242636.03,1.58
2015-07-24,82.69,82.69,80.63,80.55,1181782.0,-1.94,-2.35,80.806,80.128,79.735,1144327.9,1263966.31,2282987.33,2.18
2015-07-23,79.95,82.78,82.59,79.48,1545230.5,3.34,4.21,80.772,80.284,79.575,1135875.12,1481950.78,2341195.8,2.85
2015-07-22,80.46,80.55,79.19,78.5,884559.5,-1.36,-1.69,79.948,80.06,79.568,985990.41,1673769.76,2318145.43,1.63
2015-07-21,80.5,81.23,80.55,79.79,870158.5,-0.54,-0.67,79.916,79.884,79.851,1086066.51,1954666.16,2335765.93,1.61
2015-07-20,81.95,82.39,81.07,80.5,1239909.0,0.61,0.76,79.53,80.432,80.044,1221388.14,2710978.41,2376468.83,2.29
2015-07-17,79.0,81.3,80.46,78.48,1139518.12,1.99,2.54,79.45,80.134,80.01,1383604.71,2970539.96,2386074.38,2.1
2015-07-16,78.8,79.48,78.47,77.5,795806.94,-0.56,-0.71,79.796,79.538,80.187,1828026.44,3058676.89,2391876.14,1.47
2015-07-15,78.01,80.0,79.03,77.3,1384940.0,0.4,0.51,80.172,79.461,80.614,2361549.1,3167985.1,2403409.89,2.56
2015-07-14,79.53,81.0,78.62,77.8,1546766.62,-2.01,-2.49,79.852,79.422,80.988,2823265.8,3176535.66,2396661.65,2.86
2015-07-13,80.94,82.75,80.67,79.4,2050991.88,-1.52,-1.85,81.334,79.755,81.406,4200568.68,3255145.35,2396294.23,3.79
2015-07-10,79.01,86.0,82.19,78.4,3361626.75,1.79,2.23,80.818,79.343,81.881,4557475.2,3302008.36,2362507.13,6.21
2015-07-09,77.46,83.8,80.35,72.02,3463420.25,2.89,3.73,79.28,78.865,82.285,4289327.35,3200440.81,2301229.7,6.39
2015-07-08,77.51,81.3,77.43,77.43,3693523.5,-8.6,-10.0,78.75,79.075,82.69,3974421.1,2962521.11,2183011.01,6.82
2015-07-07,76.73,86.03,86.03,71.11,8433281.0,7.82,10.0,78.992,79.817,83.288,3529805.52,2716865.71,2082561.04,15.57
2015-07-06,80.3,80.7,78.09,75.1,3835524.5,3.61,4.85,78.176,79.655,83.586,2309722.02,2041959.26,1802783.62,7.08
2015-07-03,77.0,78.99,74.5,72.33,2020887.5,-3.31,-4.25,77.868,79.886,84.029,2046541.52,1801608.8,1692272.61,3.73
2015-07-02,78.98,79.89,77.7,75.2,1888889.0,-0.96,-1.22,78.45,80.836,84.704,2111554.27,1725075.39,1682897.78,3.49
2015-07-01,81.0,81.5,78.64,77.71,1470445.62,-3.3,-4.03,79.4,81.767,85.096,1950621.12,1638834.69,1647789.74,2.71
2015-06-30,77.0,82.0,81.95,76.02,2332863.5,5.43,7.1,80.642,82.553,85.483,1903925.9,1616787.64,1643226.44,4.31
2015-06-29,79.0,79.88,76.55,72.23,2519622.0,-0.89,-1.15,81.134,83.056,85.756,1774196.5,1537443.1,1616479.71,4.65
2015-06-26,81.0,83.82,77.41,74.44,2345951.25,-5.02,-6.09,81.904,84.419,86.201,1556676.08,1423005.89,1564386.73,4.33
2015-06-25,85.12,85.48,82.45,82.4,1084223.25,-2.42,-2.85,83.222,85.704,86.591,1338596.5,1402018.59,1545220.46,2.0
2015-06-24,84.65,85.3,84.85,83.01,1236969.5,0.42,0.5,84.134,86.304,87.021,1327048.25,1403500.9,1559036.84,2.28
2015-06-23,81.0,84.59,84.41,80.66,1684216.5,3.97,4.93,84.464,86.758,87.438,1329649.38,1448256.38,1583143.94,3.11
2015-06-19,83.2,84.6,80.4,80.08,1432019.88,-3.56,-4.24,84.978,87.516,87.796,1300689.7,1563607.98,1591295.24,2.64
2015-06-18,86.8,86.8,84.0,83.88,1255553.38,-3.0,-3.45,86.934,88.171,88.254,1289335.7,1582936.43,1612362.6,2.32
2015-06-17,87.0,87.69,87.01,86.0,1026482.0,0.51,0.59,88.186,88.572,88.384,1465440.67,1640720.18,1605958.44,1.9
2015-06-16,86.0,88.36,86.5,85.6,1249975.12,-0.48,-0.55,88.474,88.425,88.312,1479953.55,1656744.79,1626275.9,2.31
2015-06-15,90.43,91.0,86.98,86.78,1539418.12,-3.2,-3.55,89.052,88.413,88.259,1566863.38,1669665.24,1640963.28,2.84
2015-06-12,90.69,91.65,90.18,89.66,1375249.88,-0.08,-0.09,90.054,88.456,88.03,1826526.25,1695516.33,1625775.09,2.54
2015-06-11,88.48,92.37,90.26,87.29,2136078.25,1.81,2.05,89.408,87.982,87.742,1876537.15,1705767.56,1635048.05,3.94
2015-06-10,88.3,89.68,88.45,87.48,1099046.38,-0.94,-1.05,88.958,87.478,87.545,1815999.68,1688422.33,1594280.4,2.03
2015-06-09,91.8,92.18,89.39,88.68,1684524.25,-2.6,-2.83,88.376,87.739,87.473,1833536.03,1714572.78,1612850.33,3.11
2015-06-08,87.51,92.56,91.99,86.72,2837732.5,5.04,5.8,87.774,88.117,87.451,1772467.1,1718031.51,1602104.17,5.24
2015-06-05,89.23,89.78,86.95,85.1,1625304.38,-1.06,-1.2,86.858,88.076,87.288,1564506.4,1618982.51,1551582.34,3.0
2015-06-04,85.62,88.28,88.01,83.8,1833390.88,2.47,2.89,86.556,88.337,87.285,1534997.97,1641788.78,1549419.99,3.38
2015-06-03,86.4,86.99,85.54,85.01,1186728.12,-0.84,-0.97,85.998,88.196,87.237,1560844.97,1571196.7,1541880.76,2.19
2015-06-02,87.5,87.78,86.38,85.0,1379179.62,-1.03,-1.18,87.102,88.199,87.389,1595609.53,1595807.01,1657007.73,2.55
2015-06-01,84.8,88.3,87.41,83.7,1797929.0,1.97,2.31,88.46,88.105,87.377,1663595.93,1612261.31,1687786.65,3.32
2015-05-29,85.82,86.45,85.44,84.02,1477762.25,0.22,0.26,89.294,87.605,87.53,1673458.63,1556033.86,1689883.18,2.73
2015-05-28,90.75,91.06,85.22,84.9,1962625.88,-5.84,-6.41,90.118,87.502,87.691,1748579.58,1564328.54,1733043.95,3.62
2015-05-27,92.7,93.38,91.06,90.3,1360550.88,-2.11,-2.27,90.394,87.611,87.81,1581548.42,1500138.47,1726425.96,2.51
2015-05-26,93.8,94.3,93.17,91.0,1719111.62,1.59,1.74,89.296,87.207,87.561,1596004.5,1511127.89,1760441.39,3.17
2015-05-25,91.0,92.48,91.58,90.56,1847242.5,2.02,2.25,87.75,86.785,87.218,1560926.7,1486176.82,1761755.51,3.41
2015-05-22,87.34,89.63,89.56,87.2,1853367.0,2.96,3.42,85.916,86.499,86.883,1438609.1,1484182.17,1786396.2,3.42
2015-05-21,85.68,87.28,86.6,85.3,1127470.12,1.03,1.2,84.886,86.233,86.81,1380077.5,1457051.2,1781481.37,2.08
2015-05-20,85.88,86.94,85.57,84.69,1432831.25,0.13,0.15,84.828,86.278,86.985,1418728.52,1512564.83,1813450.79,2.65
2015-05-19,82.55,86.12,85.44,82.54,1543722.62,3.03,3.68,85.118,86.578,87.106,1426251.27,1718208.45,1834047.43,2.85
2015-05-18,83.8,84.05,82.41,82.31,1235654.5,-2.0,-2.37,85.82,86.649,87.111,1411426.95,1763311.99,1876461.58,2.28
2015-05-15,86.3,86.3,84.41,83.7,1560709.0,-1.9,-2.2,87.082,87.455,87.486,1529755.25,1823732.49,1929134.03,2.88
2015-05-14,86.95,88.0,86.31,86.02,1320725.25,-0.71,-0.82,87.58,87.88,87.806,1534024.9,1901759.36,1983224.38,2.44
2015-05-13,88.95,89.44,87.02,86.66,1470445.0,-1.93,-2.17,87.728,88.009,87.718,1606401.13,1952713.45,1999295.49,2.71
2015-05-12,88.05,89.76,88.95,87.5,1469601.0,0.23,0.26,88.038,87.914,87.601,2010165.63,2009754.9,2004695.7,2.71
2015-05-11,87.0,89.85,88.72,86.03,1827296.0,1.82,2.09,87.478,87.651,87.464,2115197.03,2037334.2,2046049.74,3.37
2015-05-08,88.12,88.4,86.9,85.02,1582057.25,-0.15,-0.17,87.828,87.266,87.335,2117709.73,2088610.23,2082810.47,2.92
2015-05-07,87.0,88.49,87.05,85.86,1682606.38,-1.52,-1.72,88.18,87.386,87.062,2269493.83,2105911.55,2130577.45,3.11
2015-05-06,86.8,93.76,88.57,86.51,3489267.5,2.42,2.81,88.29,87.692,86.83,2299025.77,2114336.76,2185051.03,6.44
2015-05-05,90.54,90.79,86.15,85.94,1994758.0,-4.32,-4.78,87.79,87.634,86.453,2009344.17,1949886.41,2117986.79,3.68
2015-05-04,89.1,90.53,90.47,86.7,1839859.5,1.81,2.04,87.824,87.573,86.081,1959471.37,1989611.16,2082749.32,3.4
2015-04-30,89.0,90.28,88.66,88.0,2340977.75,1.06,1.21,86.704,87.518,85.459,2059510.72,2034535.56,2075266.84,4.32
2015-04-29,86.8,88.45,87.6,85.98,1830266.12,1.53,1.78,86.592,87.732,84.983,1942329.27,2064689.39,2049473.49,3.38
2015-04-28,86.2,88.11,86.07,84.63,2040859.5,-0.25,-0.29,87.094,87.428,84.515,1929647.75,2045877.54,2079518.09,3.77
2015-04-27,85.7,86.97,86.32,85.16,1745394.0,1.45,1.71,87.478,87.288,84.21,1890428.65,1999636.5,2094989.62,3.22
2015-04-24,86.2,86.79,84.87,83.9,2340056.25,-3.23,-3.67,87.322,87.277,83.73,2019750.95,2054765.27,2068695.65,4.32
2015-04-23,90.24,90.3,88.1,87.45,1755070.5,-2.01,-2.23,88.332,87.404,83.393,2009560.4,2077010.72,2080861.45,3.24
2015-04-22,88.79,90.68,90.11,88.33,1766858.5,2.12,2.41,88.872,86.738,82.742,2187049.5,2155243.35,2076346.4,3.26
2015-04-21,86.5,88.3,87.99,85.04,1844764.0,2.45,2.86,87.762,85.968,82.024,2162107.32,2255765.3,2093626.12,3.41
2015-04-20,88.22,89.92,85.54,85.15,2392005.5,-4.38,-4.87,87.098,85.272,81.522,2108844.35,2286087.17,2097761.99,4.42
2015-04-17,92.4,93.4,89.92,89.27,2289103.5,-0.88,-0.97,87.232,84.589,81.165,2089779.6,2175887.47,2126968.25,4.23
2015-04-16,84.0,90.91,90.8,83.7,2642516.0,6.24,7.38,86.476,83.399,80.456,2144461.05,2115998.12,2091447.77,4.88
2015-04-15,84.51,87.25,84.56,83.91,1642147.62,-0.11,-0.13,84.604,82.234,79.787,2123437.2,2034257.59,2054894.17,3.03
2015-04-14,86.21,86.21,84.67,83.8,1578449.12,-1.54,-1.79,84.174,81.602,79.294,2349423.27,2113158.65,2085346.18,2.91
2015-04-13,87.79,88.78,86.21,86.1,2296681.75,0.07,0.08,83.446,81.131,78.734,2463330.0,2190342.74,2116790.46,4.24
2015-04-10,81.58,86.28,86.14,81.31,2562510.75,4.7,5.77,81.946,80.182,77.87,2261995.35,2082626.02,2066037.33,4.73
2015-04-09,82.72,85.43,81.44,81.13,2537396.75,-0.97,-1.18,80.322,79.382,77.003,2087535.2,2084712.17,2016791.23,4.68
2015-04-08,81.28,83.95,82.41,79.5,2772078.0,1.38,1.7,79.864,78.746,76.242,1945077.97,1997449.45,1943460.67,5.12
2015-04-07,79.2,81.28,81.03,78.5,2147982.75,2.32,2.95,79.03,78.079,75.407,1876894.02,1931486.95,1846374.65,3.97
2015-04-03,77.69,78.98,78.71,77.4,1290008.5,0.69,0.88,78.816,77.771,74.671,1917355.47,1909436.8,1811150.59,2.38
2015-04-02,79.88,79.92,78.02,77.04,1690210.0,-1.13,-1.43,78.418,77.741,73.985,1903256.7,2078049.02,1786352.88,3.12
2015-04-01,79.15,80.13,79.15,78.3,1825110.62,0.91,1.16,78.442,77.512,73.342,2081889.15,2066897.42,1776030.69,3.37
2015-03-31,82.18,82.8,78.24,77.89,2431158.25,-1.72,-2.15,77.628,77.339,72.731,2049820.92,2075530.76,1737076.05,4.49
2015-03-30,77.98,80.2,79.96,77.0,2350290.0,3.24,4.22,77.128,76.985,72.175,1986079.87,2057533.71,1686015.96,4.34
2015-03-27,78.15,78.24,76.72,76.3,1219514.62,-1.42,-1.82,76.726,76.336,71.672,1901518.12,2043238.19,1635436.25,2.25
2015-03-26,74.8,79.88,78.14,73.85,2583372.25,3.06,4.08,77.064,75.558,71.35,2252841.35,2049448.64,1622176.82,4.77
2015-03-25,75.4,76.7,75.08,74.4,1664769.5,-0.66,-0.87,76.582,74.624,70.937,2051905.7,1948870.29,1551939.99,3.07
2015-03-24,77.91,77.94,75.74,75.35,2112453.0,-2.21,-2.83,77.05,73.738,70.591,2101240.6,1889471.9,1520724.61,3.9
2015-03-23,79.15,79.5,77.95,77.38,1927481.25,-0.46,-0.59,76.842,72.734,70.333,2128987.55,1761262.36,1462594.29,3.56
2015-03-20,78.8,80.0,78.41,77.4,2976130.75,2.68,3.54,75.946,71.571,69.951,2184958.25,1712864.37,1414303.46,5.49
2015-03-19,76.75,76.75,75.73,74.9,1578694.0,-1.69,-2.18,74.052,70.228,69.526,1846055.92,1494656.74,1320110.61,2.91
2015-03-18,75.63,77.49,77.42,74.89,1911444.0,2.72,3.64,72.666,69.171,69.235,1845834.87,1485163.96,1283027.0,3.53
2015-03-17,75.0,75.63,74.7,73.9,2251187.75,1.23,1.67,70.426,68.123,68.871,1677703.2,1398621.33,1240557.08,4.16
2015-03-16,69.86,73.52,73.47,69.01,2207334.75,4.53,6.57,68.626,67.365,68.561,1393537.17,1314498.21,1177028.81,4.08
2015-03-13,69.22,70.7,68.94,68.37,1281619.12,0.14,0.2,67.196,67.008,68.287,1240770.5,1227634.31,1137245.07,2.37
2015-03-12,67.2,69.47,68.8,66.51,1577588.75,2.58,3.9,66.404,67.142,68.155,1143257.56,1194905.0,1147505.92,2.91
2015-03-11,66.0,67.61,66.22,65.84,1070785.62,0.52,0.79,65.676,67.249,68.013,1124493.04,1155009.69,1160103.38,1.98
2015-03-10,65.8,66.12,65.7,64.93,830357.62,-0.62,-0.94,65.82,67.443,68.077,1119539.46,1151977.33,1170504.41,1.53
2015-03-09,64.37,66.77,66.32,63.12,1443501.38,1.34,2.06,66.104,67.931,68.245,1235459.24,1163926.22,1224345.12,2.67
2015-03-06,65.25,65.69,64.98,64.9,794054.44,-0.18,-0.28,66.82,68.33,68.24,1214498.11,1115742.54,1228280.18,1.47
2015-03-05,66.0,66.15,65.16,64.8,1483766.12,-1.78,-2.66,67.88,68.824,68.412,1246552.45,1145564.48,1251134.17,2.74
2015-03-04,67.16,67.7,66.94,66.5,1046017.75,-0.18,-0.27,68.822,69.298,68.592,1185526.35,1080890.04,1238210.17,1.93
2015-03-03,69.29,69.3,67.12,66.95,1409956.5,-2.78,-3.98,69.066,69.619,68.689,1184415.2,1082492.84,1249515.61,2.6
2015-03-02,71.01,71.15,69.9,69.15,1338695.75,-0.38,-0.54,69.758,69.756,68.788,1092393.2,1039559.42,1239488.05,2.47
2015-02-27,70.15,71.21,70.28,69.73,954326.12,0.41,0.59,69.84,69.566,68.713,1016986.96,1046855.84,1232874.2,1.76
2015-02-26,68.0,70.16,69.87,66.99,1178635.62,1.71,2.51,69.768,69.169,68.601,1044576.51,1100106.83,1252770.49,2.18
2015-02-25,70.37,70.4,68.16,67.68,1040462.0,-2.42,-3.43,69.774,68.776,68.504,976253.73,1165197.07,1258473.18,1.92
2015-02-17,70.58,71.44,70.58,70.38,949846.5,0.27,0.38,70.172,68.71,68.533,980570.48,1189031.48,1276640.78,1.75
2015-02-16,70.2,71.44,70.31,69.76,961664.56,0.39,0.56,69.754,68.559,68.346,986725.64,1284764.03,1306349.35,1.78
2015-02-13,70.34,71.33,69.92,69.76,1092273.88,0.02,0.03,69.292,68.15,68.15,1076724.73,1340817.83,1340817.83,2.02
2015-02-12,70.1,70.5,69.9,68.63,837021.69,-0.25,-0.36,68.57,67.953,67.953,1155637.15,1368433.82,1368433.82,1.55
2015-02-11,68.9,70.65,70.15,68.47,1062045.75,1.66,2.42,67.778,67.71,67.71,1354140.41,1434860.34,1434860.34,1.96
2015-02-10,67.5,68.97,68.49,67.21,980622.31,0.49,0.72,67.248,67.361,67.361,1397492.49,1488119.56,1488119.56,1.81
2015-02-09,66.2,69.1,68.0,66.0,1411660.0,1.69,2.55,67.364,67.173,67.173,1582802.42,1572702.44,1572702.44,2.61
2015-02-06,65.9,68.07,66.31,65.51,1486836.0,0.37,0.56,67.008,67.008,67.008,1604910.92,1604910.92,1604910.92,2.75
2015-02-05,70.0,70.0,65.94,65.8,1829538.0,-1.56,-2.31,67.183,67.183,67.183,1634429.66,1634429.66,1634429.66,3.38
2015-02-04,69.27,70.31,67.5,67.38,1278806.12,-1.57,-2.27,67.597,67.597,67.597,1569393.54,1569393.54,1569393.54,2.36
2015-02-03,67.18,70.5,69.07,66.0,1907172.0,2.85,4.3,67.645,67.645,67.645,1714687.25,1714687.25,1714687.25,3.52
2015-02-02,66.3,67.75,66.22,65.95,1522202.5,-3.07,-4.43,66.22,66.22,66.22,1522202.5,1522202.5,1522202.5,2.81
